,ID,SMILES,ABC,ABCGG,SpMax_A,SpMAD_A,LogEE_A,VE1_A,VR1_A,VR3_A,nHetero,nH,nN,nO,nP,nF,nCl,AATS0dv,AATS1dv,AATS2dv,AATS3dv,AATS0d,AATS2d,AATS3d,AATS0Z,AATS1Z,AATS2Z,AATS3Z,ATSC1dv,ATSC2dv,ATSC3dv,ATSC4dv,ATSC5dv,ATSC6dv,ATSC7dv,ATSC8dv,ATSC1d,ATSC2d,ATSC3d,ATSC4d,ATSC5d,ATSC6d,ATSC7d,ATSC8d,ATSC0Z,ATSC1Z,ATSC2Z,ATSC3Z,ATSC4Z,ATSC5Z,ATSC6Z,ATSC7Z,ATSC8Z,AATSC0dv,AATSC1dv,AATSC2dv,AATSC3dv,AATSC0d,AATSC1d,AATSC2d,AATSC3d,AATSC0Z,AATSC1Z,AATSC2Z,AATSC3Z,MATS1dv,MATS2dv,MATS3dv,MATS1d,MATS2d,MATS3d,MATS1Z,MATS2Z,MATS3Z,GATS1dv,GATS2dv,GATS3dv,GATS1d,GATS2d,GATS3d,GATS1Z,GATS2Z,GATS3Z,BCUTdv-1h,BCUTdv-1l,BCUTd-1h,BCUTd-1l,BCUTZ-1h,BCUTZ-1l,BalabanJ,nBondsD,C1SP3,C2SP3,C3SP3,C4SP3,HybRatio,Xc-4d,Xc-5d,Xc-6d,AXp-0d,AXp-2d,AXp-3d,NsCH3,NdsCH,NsssCH,NdssC,NaaaC,NssssC,NsssN,NaasN,NsOH,NssO,SaaCH,SsssCH,SdssC,SaasC,SaaaC,SsssN,SaasN,AETA_beta,AETA_beta_s,ETA_beta_ns_d,AETA_beta_ns_d,AETA_eta_RL,AETA_eta_B,AETA_eta_BR,ETA_dBeta,fMF,GeomShapeIndex,IC0,IC1,IC2,IC3,SIC0,SIC1,SIC2,SIC3,SIC4,BIC2,BIC3,BIC4,CIC0,CIC1,CIC2,CIC3,CIC4,CIC5,MIC0,MIC1,MIC2,ZMIC3,Kier3,GhoseFilter,Mor04,Mor06,Mor08,Mor09,Mor10,Mor11,Mor12,Mor13,Mor14,Mor15,Mor16,Mor17,Mor19,Mor21,Mor22,Mor23,Mor24,Mor26,Mor28,Mor29,Mor30,Mor32,PEOE_VSA1,PEOE_VSA2,PEOE_VSA6,PEOE_VSA7,SMR_VSA1,SMR_VSA3,SMR_VSA4,SMR_VSA5,SMR_VSA6,SlogP_VSA1,SlogP_VSA2,SlogP_VSA3,SlogP_VSA4,SlogP_VSA5,SlogP_VSA7,SlogP_VSA8,SlogP_VSA11,EState_VSA2,EState_VSA3,EState_VSA4,EState_VSA5,EState_VSA6,EState_VSA7,EState_VSA8,EState_VSA9,EState_VSA10,VSA_EState3,VSA_EState4,VSA_EState5,VSA_EState7,VSA_EState8,VSA_EState9,AMID_h,AMID_C,AMID_N,AMID_O,AMID_X,MOMI-Z,n12Ring,nARing,n6ARing,nFRing,n10FRing,nFHRing,nFaRing,n10FaRing,nRot,RotRatio,JGI2,JGI3,JGI4,JGI5,JGI6,JGI7,JGI8,JGI9,JGI10,JGT10,TopoShapeIndex
0,PI1,*CC*,2.121320343559643,2.3400999430419995,1.6180339887498942,1.1180339887498947,2.155908692071148,1.9464979789354602,5.891992804872071,0.8573035455564525,2,4,0,0,0,0,0,1.0,0.5714285714285714,0.0,0.0,1.75,1.5,1.0,9.5,8.571428571428571,2.1666666666666665,0.4444444444444444,-2.25,-3.0,2.25,0.0,0.0,0.0,0.0,0.0,-0.5625,-0.75,0.5625,0.0,0.0,0.0,0.0,0.0,44.0,-16.0,-22.0,16.0,0.0,0.0,0.0,0.0,0.0,0.75,-0.32142857142857145,-0.25,0.25,0.1875,-0.08035714285714286,-0.0625,0.0625,5.5,-2.2857142857142856,-1.8333333333333333,1.7777777777777777,-0.4285714285714286,-0.3333333333333333,0.3333333333333333,-0.4285714285714286,-0.3333333333333333,0.3333333333333333,-0.41558441558441556,-0.3333333333333333,0.3232323232323232,2.0,1.1666666666666667,0.0,2.0,1.1666666666666667,0.0,1.9545454545454548,1.1666666666666667,0.03535353535353535,2.1058536137238564,-0.007229454966240682,2.111099009988425,0.9860010787499067,6.102019498544945,-0.0030127010734434176,1.9747448713915894,0,2,0,0,0,1.0,0.0,0.0,0.0,0.8535533905932737,0.5,0.5,0,0,0,0,0,0,0,0,0,0,0.0,0.0,0.0,0.0,0.0,0.0,0.0,0.5,0.5,0.0,0.0,0.47855339059327373,5.551115123125783e-17,5.551115123125783e-17,-2.0,0.0,0.42277327928852987,1.5,1.5,1.5,1.5,0.5,0.5,0.5,0.5,0.5,0.5343107806620333,0.5343107806620333,0.5343107806620333,1.5,1.5,1.5,1.5,1.5,1.5,6.509499999999999,6.509499999999999,6.509499999999999,8.0,4.0,False,-0.32043111877348407,-0.6882828094985693,0.24452046284283635,0.4116330261469031,0.3673015283904183,-0.37184521566943085,-0.4421242648191035,0.04409078327184814,0.45317710307344083,-0.004727755624464577,-0.1959499082502969,-0.13393104124012684,0.23821129929255402,0.031861174548704116,-0.024793525640212644,-0.19261317415603438,-0.07114824362186019,0.18433105725965546,-0.12968175966871512,-0.16353966497265515,0.1218791713074735,-0.03378893168844725,0.0,0.0,0.0,0.0,0.0,0.0,0.0,13.847474399381248,0.0,0.0,0.0,0.0,0.0,0.0,13.847474399381248,0.0,0.0,0.0,0.0,0.0,0.0,13.847474399381248,0.0,0.0,0.0,0.0,0.0,0.0,0.0,0.0,3.361111111111111,0.0,0.8276650429449552,0.8901650429449552,0.0,0.0,0.0,3.9928426179552474,0,0,0,0,0,0,0,0,1,0.3333333333333333,0.11111111111111116,0.0,0.0,0.0,0.0,0.0,0.0,0.0,0.0,0.2777777777777778,0.5
1,PI2,*C(C*)C,3.0472067242285474,3.305182992539863,1.8477590650225728,1.0452503719011013,2.4085761750980286,2.130986313697834,8.62987418098734,1.4620827451692449,2,6,0,0,0,0,0,1.2727272727272727,0.9,0.1111111111111111,0.0,2.0,1.8333333333333333,1.1666666666666667,10.363636363636363,10.8,4.555555555555555,1.9444444444444444,-1.1157024793388424,-7.37190082644628,0.4462809917355366,2.677685950413223,0.0,0.0,0.0,0.0,-0.5289256198347105,-2.7520661157024793,0.5206611570247933,0.6694214876033058,0.0,0.0,0.0,0.0,61.63636363636365,-14.578512396694208,-28.67768595041322,-3.677685950413224,16.11570247933884,0.0,0.0,0.0,0.0,0.975206611570248,-0.11157024793388423,-0.40955004591368227,0.024793388429752032,0.3801652892561984,-0.05289256198347105,-0.15289256198347106,0.02892561983471074,5.603305785123968,-1.4578512396694208,-1.5932047750229568,-0.204315886134068,-0.11440677966101688,-0.41996233521657245,0.025423728813559286,-0.13913043478260861,-0.40217391304347816,0.07608695652173912,-0.2601769911504423,-0.2843330055719436,-0.03646345460504753,1.771186440677966,1.683145009416196,0.3884180790960452,1.9130434782608692,1.793478260869565,0.19927536231884052,1.800884955752212,1.2889216650278594,0.7526220911176662,3.019871219560855,-0.006534096297520078,3.0218528948780854,0.9864005858503962,6.150637925659869,-0.003013038482733396,2.5395388613593908,0,2,1,0,0,1.0,0.0,0.0,0.0,0.8568914100752346,0.45052378514530367,0.408248290463863,1,0,1,0,0,0,0,0,0,0,0.0,1.2453703703703702,0.0,0.0,0.0,0.0,0.0,0.5,0.5,0.0,0.0,0.4540111220059324,0.028831590468686573,0.028831590468686573,-2.5,0.0,0.8713745437242449,1.4353713907745331,1.8676338909712125,2.8453509366224363,2.8453509366224363,0.41491538177590553,0.5398672663189946,0.8224908743082041,0.8224908743082041,0.8224908743082041,0.8565359801139569,0.8565359801139569,0.8565359801139569,2.024060227862764,1.5917977276660848,0.614080682014861,0.614080682014861,0.614080682014861,0.614080682014861,6.621048631911739,11.81295352177405,12.615219576517758,8.40337720817301,4.0,False,-0.12253859345645621,-1.2163473770934234,0.545188390280603,0.40013754601903745,0.18164720356107536,-0.38586313167141695,-0.4579314296091252,0.17480101701435938,0.4253050878817879,0.027187153277412293,-0.25020626254204953,-0.27332818921817326,0.41378862787152876,-0.3258253048114549,-0.04495932745433004,-0.06814834606355519,-0.058167673496675704,0.1435612702718262,-0.21498117335203631,-0.1581186199957247,0.2529400317500685,-0.08756545469262876,0.0,0.0,0.0,0.0,0.0,0.0,0.0,20.268296022307258,0.0,0.0,0.0,0.0,0.0,6.923737199690624,13.344558822616634,0.0,0.0,0.0,0.0,0.0,6.4208216229260096,6.923737199690624,0.0,6.923737199690624,0.0,0.0,0.0,0.0,0.0,1.2453703703703702,4.0625,0.0,0.6642167778699836,1.0751436085464512,0.0,0.0,0.0,15.217984369929965,0,0,0,0,0,0,0,0,1,0.25,0.11111111111111116,0.0,0.0,0.0,0.0,0.0,0.0,0.0,0.0,0.48611111111111116,0.5
2,PI3,*C(C*)CC,3.644923705673916,4.097495135372843,1.9318516525781357,1.1498299142610593,2.595799778033869,2.3007952912295213,12.261208932583953,1.9956149097586109,2,8,0,0,0,0,0,1.2857142857142858,1.0769230769230769,0.2916666666666667,0.07407407407407407,2.0,1.9166666666666667,1.4444444444444444,10.857142857142858,12.0,5.958333333333333,3.4814814814814814,-0.04081632653061096,-7.448979591836736,-2.89795918367347,0.73469387755102,2.9387755102040813,0.0,0.0,0.0,0.4897959183673461,-3.0408163265306127,-1.224489795918367,0.6122448979591844,0.7346938775510209,0.0,0.0,0.0,78.85714285714282,-13.795918367346934,-33.326530612244895,-4.938775510204085,-6.102040816326534,18.734693877551017,0.0,0.0,0.0,0.9591836734693879,-0.003139717425431612,-0.310374149659864,-0.10733182161753592,0.34693877551020413,0.03767660910518047,-0.12670068027210887,-0.04535147392290248,5.632653061224487,-1.061224489795918,-1.3886054421768705,-0.18291761148904018,-0.0032733224222584885,-0.32358156028368795,-0.11189913317572892,0.10859728506787311,-0.3651960784313726,-0.13071895424836594,-0.1884057971014493,-0.24652777777777785,-0.03247450348899628,1.6382978723404253,1.5933067375886523,0.896375098502758,1.6470588235294117,1.7285539215686272,0.8921568627450979,1.724637681159421,1.3257095410628024,0.8456454643048851,3.0236895998200697,-0.006531371027400267,3.0256539489496284,0.987256900388486,6.168683234746821,-0.0030129794901268105,2.7541847860376616,0,2,2,0,0,1.0,0.0,0.0,0.0,0.8319273052604533,0.3843336592900529,0.34846171252933794,1,0,1,0,0,0,0,0,0,0,0.0,1.296296296296296,0.0,0.0,0.0,0.0,0.0,0.5,0.5,0.0,0.0,0.46801006874840784,0.017692191647108002,0.017692191647108002,-3.0,0.0,0.6080601216609138,1.3787834934861753,1.950212064914747,3.1820058147602133,3.1820058147602133,0.3621368434811013,0.5122222920737834,0.8357523477324162,0.8357523477324162,0.8357523477324162,0.8598993787577999,0.8598993787577999,0.8598993787577999,2.428571428571429,1.8571428571428572,0.6253491072973909,0.6253491072973909,0.6253491072973909,0.6253491072973909,6.667362140486288,13.530790711914861,14.628438811759093,9.831731729994925,3.0,False,1.1050742917419665,-1.4028034109418517,0.8288156953871528,0.6771380143337229,0.02524024199314578,-0.5946355423312244,-0.45955269060517245,-0.010544139727226204,0.6537710184138869,0.16462584973721497,-0.2179590990392008,-0.4669294798302159,0.4736297838665454,-0.5589120394482899,0.032733838604333314,-0.04638886867784212,-0.16574033791845694,0.26142665863140446,-0.14647803345644494,-0.2881355828613808,0.21734797413288623,0.020657001054612607,0.0,0.0,0.0,0.0,0.0,0.0,0.0,26.689117645233267,0.0,0.0,0.0,0.0,0.0,13.344558822616634,13.344558822616634,0.0,0.0,0.0,0.0,0.0,12.841643245852019,6.923737199690624,0.0,6.923737199690624,0.0,0.0,0.0,0.0,0.0,2.799768518518518,4.023796296296297,0.0,0.5621434307744257,1.2171650352588996,0.0,0.0,0.0,18.308367926571023,0,0,0,0,0,0,0,0,2,0.4,0.13333333333333341,0.03125,0.0,0.0,0.0,0.0,0.0,0.0,0.0,0.46458333333333335,1.0
3,PI4,*C(C*)CCC,4.352030486860464,4.798323574266829,1.9696155060244165,1.125494574871095,2.7528395371084313,2.4583869038043047,16.73873152162768,2.461050342960446,2,10,0,0,0,0,0,1.2941176470588236,1.125,0.4,0.19444444444444445,2.0,2.0,1.5277777777777777,11.176470588235293,12.75,6.8,4.388888888888889,0.0069204152249118245,-7.619377162629757,-1.7197231833910027,-2.77508650519031,0.9342560553633219,3.1141868512110724,0.0,0.0,0.5017301038062276,-2.3460207612456756,-1.1799307958477505,-1.1937716262975777,0.6747404844290661,0.7785467128027684,0.0,0.0,95.88235294117646,-13.301038062283745,-39.32179930795848,-2.6920415224913503,-8.636678200692035,-4.5224913494809655,20.53287197231834,0.0,0.0,0.9480968858131488,0.00043252595155698903,-0.2539792387543252,-0.047770088427527856,0.32525951557093424,0.031358131487889226,-0.07820069204152252,-0.032775855440215294,5.640138408304498,-0.831314878892734,-1.310726643598616,-0.07477893118031528,0.0004562043795619337,-0.26788321167883206,-0.050385239253852375,0.09640957446808497,-0.24042553191489374,-0.10076832151300234,-0.1473926380368099,-0.23239263803680985,-0.013258350374914797,1.613138686131387,1.5386861313868614,0.8824006488240065,1.627659574468085,1.5914893617021277,0.8841607565011821,1.6791411042944786,1.3516564417177914,0.8737559645535106,3.023738740313405,-0.006531514266991067,3.0257029433887856,0.9871324252642951,6.178959158217316,-0.003012979473911521,2.8318199660707846,0,2,3,0,0,1.0,0.0,0.0,0.0,0.814095801821324,0.3836825234302024,0.2956795678960466,1,0,1,0,0,0,0,0,0,0,0.0,1.3101851851851851,0.0,0.0,0.0,0.0,0.0,0.5,0.5,0.0,0.0,0.4725800589272067,0.015164735697521145,0.015164735697521145,-3.5,0.0,0.9528511179078554,1.3328204045850196,1.8980933736695382,3.2195282822995472,3.4548223999466066,0.32607523452795845,0.4643695728592651,0.7876593396295454,0.8452241730691281,0.8452241730691281,0.8048820705748868,0.8637055999866516,0.8637055999866516,2.7546424366653195,2.189369467580801,0.8679345589507919,0.6326404413037325,0.6326404413037325,0.6326404413037325,6.690928202127493,13.480421833801643,15.988310574641867,10.957847366972192,3.84,False,1.9581915739436737,-1.5918186946095876,1.1718598299645329,0.6765067358287347,0.2863960424698721,-0.7766228631558456,-0.8027791546185327,0.4907058295830076,0.8607563887325216,-0.1497187284131549,-0.19107155799968198,-0.7097258541895863,0.7931468969888196,-0.5823185493678236,-0.011973592298287754,-0.2070578412732933,0.013643323329047344,0.28087133768000505,-0.1470748116772223,-0.4667617557565354,0.3116621074050379,-0.01909937559236811,0.0,0.0,0.0,0.0,0.0,0.0,0.0,33.10993926815928,0.0,0.0,0.0,0.0,0.0,19.765380445542643,13.344558822616634,0.0,0.0,0.0,0.0,0.0,12.841643245852019,13.344558822616634,0.0,6.923737199690624,0.0,0.0,0.0,0.0,0.0,4.327870370370371,4.012222222222222,0.0,0.4855355617564104,1.3238037565662815,0.0,0.0,0.0,27.49254644334016,0,0,0,0,0,0,0,0,3,0.5,0.11111111111111117,0.05,0.026666666666666672,0.0,0.0,0.0,0.0,0.0,0.0,0.43777777777777793,0.6666666666666666
4,PI5,*C(C*)C(C)C,4.53036997182294,5.004087722255558,2.0528808400337164,1.0947125592911253,2.7663170126493584,2.459831809816433,15.711648794723306,2.3977274547455556,2,10,0,0,0,0,0,1.411764705882353,1.3125,0.43333333333333335,0.1111111111111111,2.1176470588235294,2.1666666666666665,1.5833333333333333,11.176470588235293,12.75,7.633333333333334,5.083333333333333,3.0069204152249114,-10.14878892733564,-10.013840830449825,1.8685121107266445,6.228373702422145,0.0,0.0,0.0,1.5017301038062274,-5.110726643598617,-3.062283737024222,1.3494809688581322,1.5570934256055369,0.0,0.0,0.0,95.88235294117646,-13.301038062283745,-14.321799307958479,-48.280276816609,-13.103806228373696,41.06574394463668,0.0,0.0,0.0,1.065743944636678,0.18793252595155696,-0.3382929642445214,-0.2781622452902729,0.4429065743944637,0.09385813148788921,-0.17035755478662057,-0.08506343713956172,5.640138408304498,-0.831314878892734,-0.47739331026528264,-1.3411188004613612,0.1763392857142856,-0.3174242424242425,-0.2610028860028859,0.21191406249999986,-0.3846354166666668,-0.19205729166666669,-0.1473926380368099,-0.08464212678936607,-0.2377811860940696,1.4902597402597404,1.8692640692640694,1.1897546897546898,1.59375,2.089583333333333,1.1510416666666665,1.6791411042944786,1.212597137014315,1.2445807770961146,3.1124425953980706,-0.006530840230860478,3.11339737854048,0.9872122886995448,6.196681383447844,-0.0030129795835498177,3.1442082073698243,0,3,1,1,0,1.0,0.0,0.23570226039551584,0.0,0.8374010456522569,0.3756498729304097,0.2970036230528462,2,0,2,0,0,0,0,0,0,0,0.0,2.3032407407407405,0.0,0.0,0.0,0.0,0.0,0.5,0.5,0.0,0.0,0.4543913160789459,0.03335347854578195,0.03335347854578195,-3.5,0.0,0.5703587375617661,1.3328204045850196,1.8980933736695382,2.939829017466402,2.939829017466402,0.32607523452795845,0.4643695728592651,0.7192307628580471,0.7192307628580471,0.7192307628580471,0.7349572543666005,0.7349572543666005,0.7349572543666005,2.7546424366653195,2.189369467580801,1.147633823783937,1.147633823783937,1.147633823783937,1.147633823783937,6.690928202127493,13.480421833801643,14.411903127454764,13.075778155239231,2.6666666666666665,False,0.37068697780165744,-1.1690938976761716,1.1931089678901448,0.22143035895746815,0.02107004659872927,-0.15597641691018993,-1.0586306415637279,0.7918991203947185,0.5826929935555292,-0.28920837843072417,-0.23240814288887607,-0.6001316512628053,0.6070031359272146,-0.9606923254826163,-0.06199324150557311,-0.1351993632060998,-0.14137663005291873,0.3232737242878432,-0.3223321618234282,-0.2900293509513251,0.24178473440484494,-0.042263822124274625,0.0,0.0,0.0,0.0,0.0,0.0,5.917906046161393,27.19203322199788,0.0,0.0,0.0,0.0,5.917906046161393,13.847474399381248,13.344558822616634,0.0,0.0,0.0,0.0,5.917906046161393,6.4208216229260096,6.923737199690624,0.0,13.847474399381248,0.0,0.0,0.0,0.0,1.0393518518518516,1.2638888888888888,6.4272222222222215,0.0,0.483155446187713,1.3033078193383554,0.0,0.0,0.0,66.53613714452509,0,0,0,0,0,0,0,0,2,0.3333333333333333,0.15873015873015878,0.041666666666666664,0.0,0.0,0.0,0.0,0.0,0.0,0.0,0.5337301587301588,1.0
5,PI6,*C(C*)CCCC,5.059137268047012,5.436501829420219,1.9890437907365461,1.1761575273696134,2.888520109095056,2.6040468064239537,22.129319059014037,2.8737598322353066,2,12,0,0,0,0,0,1.3,1.1578947368421053,0.4444444444444444,0.26666666666666666,2.0,2.0277777777777777,1.6,11.4,13.263157894736842,7.361111111111111,4.933333333333334,0.0399999999999987,-8.839999999999998,-0.5999999999999996,-1.639999999999999,-2.6799999999999993,1.0799999999999996,3.2399999999999993,0.0,0.5099999999999996,-2.66,-0.1499999999999998,-1.16,-1.1699999999999997,0.7200000000000003,0.8100000000000003,0.0,112.79999999999998,-12.959999999999994,-46.040000000000006,-1.200000000000001,-7.039999999999997,-7.6800000000000015,-3.320000000000002,21.839999999999996,0.0,0.9399999999999998,0.0021052631578946687,-0.2455555555555555,-0.013333333333333326,0.30999999999999994,0.026842105263157872,-0.07388888888888889,-0.0033333333333333288,5.639999999999999,-0.6821052631578944,-1.278888888888889,-0.02666666666666669,0.0022396416573347545,-0.26122931442080377,-0.01418439716312056,0.08658743633276735,-0.23835125448028677,-0.010752688172042996,-0.12094064949608059,-0.22675334909377468,-0.00472813238770686,1.595744680851064,1.5299940898345155,0.8758865248226952,1.6129032258064517,1.574820788530466,0.8172043010752689,1.648936170212766,1.3709121355397955,0.8927304964539008,3.0237421542270777,-0.006531612722496674,3.025706413101298,0.9871445730036408,6.185585552137346,-0.0030129794739159185,2.862065598305084,0,2,4,0,0,1.0,0.0,0.0,0.0,0.800722174241977,0.3793783615963555,0.2912333734517709,1,0,1,0,0,0,0,0,0,0,0.0,1.3147685185185183,0.0,0.0,0.0,0.0,0.0,0.5,0.5,0.0,0.0,0.47600755156130586,0.013269143735331002,0.013269143735331002,-4.0,0.0,0.7168574685472638,1.295461844238322,1.833206219346495,3.208694969562842,3.684183719779189,0.29974164673650916,0.42416397938574957,0.7424221086321582,0.8524398460347836,0.8524398460347836,0.755355396109787,0.8672896861162782,0.8672896861162782,3.0264662506490407,2.4887218755408673,1.1132331253245207,0.6377443751081735,0.6377443751081735,0.6377443751081735,6.704524916810812,13.163372606235082,17.064966625768395,11.884743968826301,5.0,False,3.053281298916648,-1.6610078047166978,1.0942019770330333,0.4429626453568219,0.5214681316084371,-1.1605459732582109,-0.4833266626272862,0.34128763513440036,1.1323858515695557,-0.28337194207793637,-0.5113247799204839,-0.6376447498146978,0.8672098148224676,-0.8289048114430514,-0.17041753337092738,-0.17575060127602574,-0.2948346917360032,0.37715224145141546,-0.1601454225331678,-0.5696177511426117,0.2806551660053467,-0.1669512805800159,0.0,0.0,0.0,0.0,0.0,0.0,0.0,39.53076089108528,0.0,0.0,0.0,0.0,0.0,26.186202068468653,13.344558822616634,0.0,0.0,0.0,0.0,0.0,19.26246486877803,13.344558822616634,0.0,6.923737199690624,0.0,0.0,0.0,0.0,0.0,5.845509259259259,4.008880385487529,0.0,0.42646163826487904,1.406055542271157,0.0,0.0,0.0,33.88329739579717,0,0,0,0,0,0,0,0,4,0.5714285714285714,0.09523809523809526,0.041666666666666664,0.04000000000000001,0.018518518518518517,0.0,0.0,0.0,0.0,0.0,0.40970899470899474,1.0
6,PI7,*C(C*)CC(C)C,5.277916867529369,5.6552151480062225,2.0420789618979067,1.0706483642327282,2.899769180849639,2.6393175744474924,19.937684782758275,2.7694680972886334,2,12,0,0,0,0,0,1.4,1.263157894736842,0.5,0.26666666666666666,2.1,2.2222222222222223,1.5777777777777777,11.4,13.263157894736842,8.055555555555555,5.6,2.0399999999999987,-10.44,-4.199999999999999,-3.200000000000001,-1.08,6.48,0.0,0.0,0.5099999999999996,-3.460000000000001,-1.1499999999999997,-2.25,0.6300000000000004,1.6200000000000006,0.0,0.0,112.79999999999998,-12.959999999999992,-21.039999999999996,-43.2,5.599999999999994,-28.479999999999997,43.67999999999999,0.0,0.0,1.0399999999999998,0.10736842105263152,-0.29,-0.09333333333333332,0.41,0.026842105263157872,-0.09611111111111113,-0.02555555555555555,5.639999999999999,-0.6821052631578943,-0.5844444444444443,-0.9600000000000001,0.10323886639676108,-0.27884615384615385,-0.08974358974358974,0.06546854942233628,-0.23441734417344182,-0.06233062330623305,-0.12094064949608058,-0.10362490149724192,-0.17021276595744686,1.5384615384615385,1.7888621794871797,0.9134615384615385,1.707317073170732,1.8987127371273713,0.823848238482385,1.648936170212766,1.2539401103230894,1.1734633569739954,3.0335109578824753,-0.006531708252147338,3.034625370063301,0.9871333303702092,6.201109550409483,-0.0030129794739177647,3.0988280941131414,0,3,2,1,0,1.0,0.0,0.0,0.0,0.8211142625940433,0.3928711395624087,0.2617828121519817,2,0,2,0,0,0,0,0,0,0,0.0,2.26912037037037,0.0,0.0,0.0,0.0,0.0,0.5,0.5,0.0,0.0,0.45798780751837675,0.03128888777826011,0.03128888777826011,-4.0,0.0,0.9568355261259207,1.295461844238322,1.9709505944546686,3.2464393446710154,3.2464393446710154,0.29974164673650916,0.4560350267710863,0.7511553347015191,0.7511553347015191,0.7511553347015191,0.764240758439705,0.764240758439705,0.764240758439705,3.0264662506490407,2.350977500432694,1.0754887502163473,1.0754887502163473,1.0754887502163473,1.0754887502163473,6.704524916810812,14.817820295659354,16.00271295587743,14.060129544672522,5.0,False,1.5051745345725036,-2.1494675935575054,1.0155366204643492,0.8093458997860183,-0.1630091726262549,-0.43158552000145334,-0.966064224238159,0.7872059521880033,0.7886011726903688,-0.29058721580595326,-0.5009249912095132,-0.5270650454167354,1.2564108233786158,-0.9055853511093782,0.10860881982570697,-0.4676488496611032,-0.04249889139872434,0.19715763840175832,-0.28439493206269584,-0.4693474843477083,0.2428036330866556,-0.12573814112657455,0.0,0.0,0.0,0.0,0.0,0.0,5.917906046161393,33.61285484492389,0.0,0.0,0.0,0.0,5.917906046161393,20.268296022307258,13.344558822616634,0.0,0.0,0.0,0.0,5.917906046161393,6.4208216229260096,13.344558822616634,0.0,13.847474399381248,0.0,0.0,0.0,0.0,0.9820833333333332,2.846064814814815,6.3959722222222215,0.0,0.4254203377035739,1.3866589404745193,0.0,0.0,0.0,73.38030684194518,0,0,0,0,0,0,0,0,3,0.42857142857142855,0.08333333333333337,0.08333333333333333,0.03200000000000001,0.0,0.0,0.0,0.0,0.0,0.0,0.5558095238095239,0.6666666666666666
7,PI8,*C(C*)CCCCC,5.76624404923356,6.027282123535798,1.9999999999999993,1.16357066166662,3.0079713934942216,2.7386127875258306,28.520910271544786,3.2452769963335193,2,14,0,0,0,0,0,1.3043478260869565,1.1818181818181819,0.47619047619047616,0.2962962962962963,2.0,2.0476190476190474,1.6296296296296295,11.565217391304348,13.636363636363637,7.761904761904762,5.296296296296297,0.06427221172022612,-10.090737240075615,-0.5141776937618143,-0.5444234404536856,-1.5746691871455578,-2.6049149338374287,1.1909262759924393,3.3345935727788287,0.5160680529300563,-2.979206049149339,-0.12854442344045353,-0.1361058601134214,-1.1436672967863892,-1.1512287334593574,0.7542533081285447,0.8336483931947072,129.65217391304353,-12.71077504725899,-53.19092627599244,-0.13988657844990326,-5.928166351606805,-6.412098298676743,-6.896030245746688,-2.37996219281663,22.83175803402647,0.9338374291115314,0.0029214641691011874,-0.24025564857322892,-0.009521809143737302,0.2986767485822307,0.023457638769548015,-0.07093347736069855,-0.0023804522859343247,5.637051039697544,-0.5777625021481358,-1.2664506256188677,-0.002590492193516727,0.003128450496871514,-0.2572778099093888,-0.010196431249062818,0.0785385500575373,-0.23749246534056656,-0.007969995311767453,-0.10249375038107436,-0.2246654530356743,-0.00045954740790420795,1.5829959514170036,1.5242433005590896,0.8915129704603386,1.6012658227848098,1.5631404460518379,0.830285982184716,1.6274312541918172,1.3857589984350542,0.9065566236927737,3.023744136054297,-0.00653171358660711,3.0257084471197806,0.9871433703607712,6.190253070172347,-0.003012979473922148,2.8766225950797444,0,2,5,0,0,1.0,0.0,0.0,0.0,0.7903204639024849,0.3761502402209703,0.28534289153008935,1,0,1,0,0,0,0,0,0,0,0.0,1.31625,0.0,0.0,0.0,0.0,0.0,0.5,0.5,0.0,0.0,0.47867337916560526,0.011794794431405286,0.011794794431405286,-4.5,0.0,0.8520075994477478,1.2646726793957221,1.7712589600219497,3.0994364124846885,3.7081320646586016,0.2795745237229117,0.39156288279643175,0.6851760719966636,0.8197372116664485,0.8581832515721012,0.6950294740547691,0.8315257148828585,0.870524640833741,3.258889276661291,2.7523029960350636,1.4241255435723246,0.8154298913984115,0.6415168479201512,0.6415168479201512,6.713071846146432,12.797679662748049,16.919178187004402,13.200882346872632,5.877551020408164,False,3.6177505680864437,-2.037624992229895,1.8573353628164515,-0.042418395641233175,0.0033816409543595827,-0.5347133716330196,-1.2105541195611778,0.6258499809737349,1.1771553764661364,-0.12087765399063517,-0.24679194198031043,-0.9387324278179983,1.133716448060214,-1.091942547754928,-0.0774427018287745,-0.23575471539034135,-0.2824636470985926,0.4243571993418566,-0.2827797959720647,-0.6465622534613941,0.3656244083091946,-0.18552290286675427,0.0,0.0,0.0,0.0,0.0,0.0,0.0,45.95158251401129,0.0,0.0,0.0,0.0,0.0,32.60702369139466,13.344558822616634,0.0,0.0,0.0,0.0,0.0,25.683286491704038,13.344558822616634,0.0,6.923737199690624,0.0,0.0,0.0,0.0,0.0,7.357750377928949,4.008579459561602,0.0,0.37979613255901246,1.4710392621413222,0.0,0.0,0.0,68.1492829894969,0,0,0,0,0,0,0,0,5,0.625,0.08333333333333337,0.03571428571428571,0.03200000000000001,0.027777777777777776,0.01360544217687075,0.0,0.0,0.0,0.0,0.37993083900226765,0.75
8,PI10,*C(C*)CCC(CC)C,6.582740630161286,6.905835692029839,2.0614988506846417,1.1831349526796378,3.124059699909558,2.943761977202957,29.829964187079046,3.3955133979586902,2,16,0,0,0,0,0,1.3846153846153846,1.32,0.5625,0.3492063492063492,2.076923076923077,2.1875,1.7619047619047619,11.692307692307692,13.92,8.583333333333334,6.428571428571429,3.082840236686389,-12.053254437869825,-5.834319526627219,0.24260355029585767,-1.9349112426035497,-4.674556213017752,4.6863905325443795,3.408284023668639,1.5207100591715972,-5.147928994082841,-0.9585798816568045,0.7337278106508878,-2.1952662721893494,-1.2071005917159763,1.6331360946745561,0.8520710059171598,146.46153846153845,-12.52071005917161,-35.62130177514794,-18.195266272189347,-29.73372781065089,8.733727810650896,-31.485207100591715,21.982248520710066,23.609467455621306,1.0059171597633134,0.12331360946745556,-0.25110946745562135,-0.0926082464544003,0.36686390532544383,0.06082840236686389,-0.10724852071005919,-0.015215553677092136,5.633136094674556,-0.5008284023668643,-0.7421104536489155,-0.28881375035221185,0.12258823529411761,-0.24963235294117656,-0.09206349206349207,0.16580645161290317,-0.2923387096774194,-0.04147465437788017,-0.08890756302521016,-0.13174019607843143,-0.05127050820328131,1.4911764705882355,1.7026654411764708,1.077264239028945,1.57258064516129,1.8838205645161288,0.9984639016897079,1.611344537815126,1.3086484593837537,1.052608543417367,3.0273612092150852,-0.006531889371064046,3.0281753622074254,0.9871432665135623,6.207948127685889,-0.003012979473928515,3.168174128746702,0,3,4,1,0,1.0,0.0,0.0,0.0,0.7983127663125442,0.36041902811624305,0.2829013418263897,2,0,2,0,0,0,0,0,0,0,0.0,2.306666666666666,0.0,0.0,0.0,0.0,0.0,0.5,0.5,0.0,0.0,0.4701907262607799,0.0212306299765296,0.0212306299765296,-5.0,0.0,0.674351638293815,1.2389012566026305,1.9021748142117278,3.4304570255005578,4.026986833359287,0.2635713530845122,0.4046801848921469,0.7298161940596526,0.8567255565085433,0.8567255565085433,0.7387087121806352,0.8671644143990253,0.8671644143990253,3.4615384615384612,2.798264903929364,1.269982692640534,0.6734528847818044,0.6734528847818044,0.6734528847818044,6.718790131189261,14.685368831632129,19.00695526931529,13.473369665802727,5.530864197530864,False,3.832494190136436,-3.0169423885126934,1.7079919285262597,0.6570044694974584,0.2846740373059064,-0.9659814296029143,-0.9969027477846506,0.42699058836675463,1.3937327797413688,-0.2707087778806003,0.09557675370186917,-1.3640648578697852,1.0171922730472085,-1.2668494735768645,0.27621265642015136,-0.3167256556467814,-0.3451961188204366,0.1657759746414434,-0.21743381776863038,-0.5938736099913539,0.45905788720529517,-0.026027807438557128,0.0,0.0,0.0,0.0,0.0,0.0,5.917906046161393,46.4544980907759,0.0,0.0,0.0,0.0,5.917906046161393,33.10993926815928,13.344558822616634,0.0,0.0,0.0,0.0,5.917906046161393,19.26246486877803,13.344558822616634,0.0,13.847474399381248,0.0,0.0,0.0,0.0,1.0066666666666664,5.812241118669691,6.417645030234317,0.0,0.3418314715393944,1.5065615869134015,0.0,0.0,0.0,156.05529300581202,0,0,0,0,0,0,0,0,5,0.5555555555555556,0.11111111111111116,0.027777777777777776,0.053333333333333344,0.027777777777777776,0.010204081632653062,0.0,0.0,0.0,0.0,0.5079818594104308,0.75
9,PI505,*CC(*)(CC(=O)OCCC)C(=O)OCCC,11.629797164246366,11.61656892239618,2.3315100259390515,1.1839685763595018,3.6734183246661223,3.3088788963138227,135.2971977675266,5.438102074771857,6,18,0,4,0,0,0,6.228571428571429,5.0588235294117645,3.6129032258064515,2.4210526315789473,2.5714285714285716,2.596774193548387,2.223684210526316,19.142857142857142,20.11764705882353,14.387096774193548,12.0,52.81632653061223,50.53061224489795,-9.469387755102044,-84.89795918367348,-18.32653061224491,-36.24489795918366,-19.83673469387754,-36.3673469387755,5.959183673469387,-1.0408163265306132,1.2448979591836729,-3.3265306122448983,-7.183673469387754,-6.959183673469388,-3.979591836734693,-0.5102040816326525,285.5428571428571,3.529795918367319,28.58122448979588,36.649795918367346,-97.49877551020408,-73.79591836734697,-58.36408163265306,0.6465306122449093,22.933877551020423,4.187755102040816,1.5534213685474185,0.8150098749177089,-0.12459720730397426,0.5306122448979591,0.17527010804321727,-0.01678736010533247,0.016380236305048326,8.158367346938775,0.1038175270108035,0.46098749177090126,0.482234156820623,0.37094369911707364,0.19461736779224045,-0.029752744434184894,0.33031674208144796,-0.03163771712158812,0.03087044534412954,0.012725282228160328,0.05650487066433401,0.05910914970034654,0.4639376218323587,0.8044079733383639,1.126269621421976,1.1846153846153848,1.4764267990074442,1.0117408906882592,0.9560736441865121,0.9276049500668144,0.9572717314599287,6.030310362220719,-0.0063794406090997,4.023966948965882,0.9772128949807085,8.031066657774861,-0.0030132581779747365,4.234391868032904,2,5,3,1,0,0.8181818181818182,0.14433756729740643,0.39073720721077865,0.10206207261596575,0.7830326345806844,0.3251192039129875,0.22060644769711066,2,0,0,2,0,1,0,0,0,2,0.0,0.0,-0.3628269085411937,0.0,0.0,0.0,0.0,0.7647058823529411,0.5882352941176471,0.0,0.0,0.47038515700657907,0.02456858195654424,0.02456858195654424,-7.0,0.0,0.924000222222932,1.6117859360600553,2.584750159060348,3.8290037311070533,3.9432894453927676,0.31423220959642917,0.503920362850214,0.7464988222442894,0.768779853317865,0.7799203688546529,0.7406304211451488,0.7627362958442654,0.7737892331938238,3.517497080884911,2.5445328578846182,1.300279285837913,1.1859935715521988,1.1288507144093414,0.9574221429807706,12.522589268042793,24.664633979070743,26.48998443683668,24.002593815213746,6.479338842975206,True,5.659119005164379,-2.6038552973287876,1.5550510481717092,0.2992944865323177,-0.17820785290699243,-0.6897289006405884,-0.6664866195401543,0.5443097104450443,1.346097393407037,0.06565778212803411,-0.31810704597370565,-1.2072542142546898,1.4061065436802518,-1.5182415767874033,0.10102861680541317,-0.2894355548895531,-0.007970572094261927,0.3717284041801689,-0.4645166222408217,-0.3354661072637738,0.2769672774768918,-0.1539220515785901,0.0,0.0,0.0,0.0,19.06280027574374,0.0,0.0,45.95158251401129,13.213763929025836,0.0,25.152374504929536,19.06280027574374,0.0,33.10993926815928,12.841643245852017,0.0,0.0,18.35943219882971,13.213763929025836,19.765380445542643,0.0,0.0,13.847474399381248,0.0,9.473725907600098,9.589074368143644,0.0,0.0,-0.765609882842025,1.917278101438004,5.782870944291398,0.0,0.638708207622294,1.247154475389579,0.0,0.43527394413923104,0.0,197.14426631338392,0,0,0,0,0,0,0,0,8,0.5,0.12222222222222227,0.06249999999999999,0.04190476190476191,0.02046783625730994,0.01749271137026239,0.011363636363636364,0.003527336860670193,0.006666666666666668,0.008264462809917356,0.575659634455447,0.8333333333333334
10,PI506,*CC(*)C(=O)OCCO,6.542300515641405,6.957363666928967,2.119165782887463,1.1842817426080952,3.1245116095322674,2.8127680165254634,35.6162891131357,3.572803092567367,5,8,0,3,0,0,0,7.444444444444445,5.411764705882353,3.793103448275862,2.5,2.5555555555555554,2.413793103448276,1.96875,21.11111111111111,20.58823529411765,14.379310344827585,11.4375,12.55555555555555,7.222222222222216,-21.111111111111107,-63.0,3.4444444444444424,5.5555555555555545,5.000000000000003,8.333333333333334,0.9135802469135806,-2.382716049382716,-0.2345679012345681,-2.6296296296296298,-2.8024691358024687,0.3950617283950617,1.9259259259259258,0.5925925925925926,166.44444444444446,-6.3086419753086505,-3.60493827160494,15.432098765432103,-101.07407407407408,-22.1358024691358,3.1728395061728474,10.925925925925933,20.370370370370374,4.666666666666665,0.7385620915032677,0.24904214559386953,-0.6597222222222221,0.4691358024691359,0.05374001452432827,-0.08216262239250745,-0.0073302469135802534,9.246913580246915,-0.3710965867828618,-0.12430821626223931,0.48225308641975323,0.15826330532212884,0.0533661740558292,-0.14136904761904764,0.11455108359133129,-0.17513611615245006,-0.01562500000000001,-0.04013194062671803,-0.01344321163850652,0.052152870493992004,0.6309523809523812,0.907224958949097,1.2775297619047623,1.3026315789473681,1.318965517241379,0.9436677631578945,0.9372496662216288,0.9650108190230652,0.9543349465954606,6.028090014124579,-0.006530466596309745,3.122895990830567,0.977841224729789,8.028883023272384,-0.0030129797103240754,3.3088402550227185,1,3,1,0,0,0.8,0.0,0.16666666666666666,0.0,0.7983127663125442,0.3505044584037374,0.2628374408737096,0,0,1,1,0,0,0,0,1,1,0.0,0.31162037037037016,-0.051805555555554994,0.0,0.0,0.0,0.0,0.75,0.6,0.0,0.0,0.47187440150134063,0.019546954735968836,0.019546954735968836,-4.5,0.0,0.8094334929025158,1.8163401138534077,2.855953642864355,3.614369445886757,3.8365916681089787,0.4355810028298264,0.6848932874995414,0.8667708519065936,0.9200625111439561,0.9200625111439561,0.8667708519065936,0.9200625111439561,0.9200625111439561,2.3535848875889043,1.313971358577957,0.5555555555555554,0.3333333333333335,0.3333333333333335,0.3333333333333335,13.582565254550094,24.464684174302057,26.339722859304192,15.086383338782067,4.48,False,0.5478729153256783,-1.385956070827135,0.9854406572790528,-0.07876880992248703,0.11958993795365003,-0.2137033293433685,-0.45496978541867983,-0.18092787917777062,0.7010771620110455,0.23963508276677126,-0.3593194123411354,-0.19257045980235643,0.3213869151509069,-0.3152794308746866,0.012415368883900865,-0.22885993048609832,0.2313798911468814,0.1535140930583881,-0.18139535841001286,-0.06839882720557841,0.19897045200202668,0.051423105047483056,0.0,0.0,0.0,0.0,14.637927532712576,0.0,0.0,13.344558822616634,13.213763929025836,0.0,24.28959661181839,9.53140013787187,0.0,0.0,13.344558822616634,0.0,0.0,19.183069216977685,6.4208216229260096,6.923737199690624,0.0,0.0,0.0,0.0,9.843390348640755,4.794537184071822,8.328437736205593,0.0,-0.051805555555554994,0.31162037037037016,1.2782747543461828,0.0,0.8789980997036355,0.9691396922228792,0.0,0.5377689801465992,0.0,113.1221676803508,0,0,0,0,0,0,0,0,4,0.4444444444444444,0.13333333333333341,0.05,0.034285714285714294,0.02222222222222222,0.01360544217687075,0.0,0.0,0.0,0.0,0.4756689342403629,0.75
11,PI507,*CC(*)(CCC(C)C(=O)OC)C(=O)OC,10.991640068281116,11.38624386052678,2.316464779219578,1.193209710147529,3.619762973689343,3.3519777573909995,86.92016504193707,4.934993683411926,6,16,0,4,0,0,0,6.75,5.32258064516129,3.7857142857142856,2.044776119402985,2.6875,2.75,2.4477611940298507,19.75,20.516129032258064,14.928571428571429,13.895522388059701,48.75,27.5,-64.75,-163.5,7.75,73.0,28.25,-13.5,7.93359375,-7.71875,-9.48828125,-1.6953125,-0.73046875,0.40625,-2.74609375,-2.078125,267.5,3.609375,42.875,3.296875,-248.90625,-86.546875,135.0,45.140625,-25.3125,4.5,1.5725806451612903,0.49107142857142855,-0.9664179104477612,0.62109375,0.25592237903225806,-0.13783482142857142,-0.1416161380597015,8.359375,0.11643145161290322,0.765625,0.049207089552238806,0.3494623655913978,0.10912698412698413,-0.21475953565505804,0.4120511259890444,-0.2219227313566936,-0.22801088895146907,0.013928248417244497,0.09158878504672897,0.005886455572604268,0.4930555555555556,0.9091641865079364,1.1422574626865671,1.1572327044025157,1.7686433063791553,1.4317093776401013,0.9271028037383178,0.8857142857142858,0.9539126795926909,6.030287795353648,-0.006379409378231909,4.023948057058534,0.9771161095050358,8.03136407542849,-0.0030132581779454878,4.232504718366334,2,2,2,2,0,0.8,0.14433756729740643,0.5574038738774453,0.10206207261596575,0.797974044593851,0.3109185325518534,0.23460527735694608,3,0,1,2,0,1,0,0,0,2,0.0,-0.11228599773242665,-0.2269208238851086,0.0,0.0,0.0,0.0,0.78125,0.59375,0.0,0.0,0.4629519544771752,0.031686393171143246,0.031686393171143246,-6.5,0.0,0.8118925988038784,1.6493974703476992,2.625,3.8667292966721747,4.116729296672174,0.32987949406953987,0.525,0.7733458593344349,0.8233458593344348,0.8358458593344349,0.7665398866898897,0.8160998524825297,0.8284898439306898,3.350602529652301,2.375,1.1332707033278253,0.8832707033278258,0.8207707033278258,0.6332707033278258,12.802163016346215,25.018624999999993,27.582663131045546,20.833646483360877,4.816635160680529,True,3.3889609175591153,-1.1942281803051977,1.146308020155264,0.9835672936617035,-0.8532675892224018,-0.5513251715652092,-0.9578248787575319,0.25199604763865463,1.026577916453669,-0.02558456487872894,-0.170214365197665,-1.0582027067250663,1.4450788140201225,-0.8284648929596221,-0.3957119386844661,0.29880386756441824,-0.1744131374785887,0.09504117263393735,-0.4975444076788512,-0.23966318206016066,0.27673336332491993,0.15526339008497525,0.0,0.0,0.0,0.0,19.06280027574374,0.0,5.917906046161393,32.60702369139466,14.219595082555067,0.0,26.158205658458765,19.06280027574374,5.917906046161393,19.765380445542643,12.841643245852017,0.0,0.0,23.774422668226485,0.0,19.765380445542643,14.219595082555067,0.0,6.923737199690624,4.736862953800049,4.736862953800049,9.589074368143644,0.0,0.0,-0.4810407218442925,1.5385648148148148,2.9160017479213907,2.857788879440665,0.6607551924350243,1.2075706194240063,0.0,0.4451165918481147,0.0,292.9645077699706,0,0,0,0,0,0,0,0,6,0.4,0.16666666666666674,0.048913043478260865,0.032941176470588245,0.03571428571428571,0.023323615160349857,0.011363636363636364,0.00493827160493827,0.0,0.0,0.6571940287920592,0.8
12,PI508,*CC(*)C(=O)OC1CCCCCCCCCCC1,13.613368327506883,10.673788233463835,2.203188626961257,1.2422097034423734,3.8060134932368714,3.699747655504192,137.61951331767307,5.5663466135189745,4,26,0,2,0,0,0,3.422222222222222,3.022222222222222,1.9090909090909092,1.1171875,2.4,2.477272727272727,2.046875,15.422222222222222,17.866666666666667,12.272727272727273,9.125,29.688888888888897,22.79901234567901,1.7743209876543204,-33.78074074074074,-29.531851851851854,-29.771851851851856,-6.915555555555559,-2.4730864197530895,1.6222222222222202,-5.067654320987656,1.796543209876543,-0.8251851851851856,-3.8651851851851857,-5.038518518518519,0.1066666666666683,1.8824691358024706,306.79999999999984,6.133333333333365,-51.87555555555555,28.302222222222213,-48.69333333333333,-49.853333333333325,-103.54666666666668,0.29333333333332945,49.075555555555546,2.3772839506172834,0.6597530864197533,0.2590796857463524,0.013861882716049378,0.3772839506172838,0.036049382716049336,-0.05758698092031427,0.014035493827160492,6.817777777777774,0.136296296296297,-0.5894949494949494,0.22111111111111104,0.27752388865808075,0.10898138006571743,0.005830974761113419,0.0955497382198952,-0.15263564969062363,0.03720140706806284,0.01999130812690146,-0.0864643830745526,0.032431551499348114,0.6763606148732865,0.8506439551308687,1.0266442926879937,1.3246073298429324,1.3252617801047126,0.9009939463350789,1.1696363899753734,1.1619947848761414,0.9557325619295963,6.028297541430933,-0.0065313976676874864,3.12360560561395,0.9778860982727932,8.02877188995877,-0.0030129797103804565,2.3327735769716393,1,1,13,0,0,0.9333333333333333,0.0,0.16666666666666666,0.0,0.7328652085786316,0.3283579321617424,0.23105076251078346,0,0,2,1,0,0,0,0,0,1,0.0,0.6671390253632311,0.1871242231460486,0.0,0.0,0.0,0.0,0.6447368421052632,0.5657894736842105,0.0,0.0,0.48612537395886557,0.009359550376560503,0.013885866166034185,-9.25,0.26666666666666666,0.9112775282989072,1.384857727311982,1.8859601968479267,2.588812638040756,3.076072330099345,0.25216583601580905,0.3434105326139104,0.47139145797088344,0.5601155522814606,0.6402242140467002,0.4686853625678848,0.5569001225244145,0.6365489081555458,4.106995369017692,3.605892899481748,2.9030404582889187,2.4157807662303297,1.9758357640720723,1.599425965578602,10.000587691874454,16.19657389791513,18.70005413598639,38.61446681279463,8.0,True,4.616542364584269,-5.7228053738431175,2.29360798356367,-0.7574161092217528,1.393070541589358,-1.928683354333077,-1.6394257103354302,0.8860426002801753,3.2017173560914687,-1.1131796743547704,-0.3779898052904588,-1.2221787863221896,2.5199843957079637,-2.288445767975669,0.4616726538804567,-0.44493954629406085,0.043274006416151124,0.03467577198252858,-0.924870055775789,-0.48563085969762954,0.2836593566039931,-0.029672807915104654,0.0,0.0,0.0,0.0,9.53140013787187,0.0,0.0,90.07756306255106,0.0,0.0,12.073271675700152,9.53140013787187,0.0,70.62903785218613,13.344558822616634,0.0,0.0,12.073271675700152,6.4208216229260096,12.841643245852019,64.71113180602472,0.0,0.0,0.0,4.736862953800049,4.794537184071822,0.0,0.0,0.1871242231460486,15.066470978249477,1.2416203703703703,0.0,0.37826451556234286,1.5957035817724015,0.0,0.19821182372746732,0.0,558.8129181183779,1,1,0,0,0,0,0,0,3,0.15789473684210525,0.060606060606060635,0.026041666666666664,0.020000000000000004,0.013333333333333332,0.011224489795918367,0.012954059829059828,0.009368056987104604,0.0075000000000000015,0.008238955208652178,0.30084556979521665,0.8333333333333334
13,PI509,*C(C*)Cl,3.0472067242285474,3.305182992539863,1.8477590650225728,1.0452503719011013,2.4085761750980286,2.130986313697834,8.62987418098734,1.4620827451692449,3,3,0,0,0,0,1,1.7006172839506173,1.1904761904761902,0.12962962962962962,0.0,2.375,1.75,1.0,45.5,22.285714285714285,11.5,4.0,-3.0216049382716053,-4.703703703703703,3.009259259259259,0.0,0.0,0.0,0.0,0.0,-1.515625,-1.6875,1.265625,0.0,0.0,0.0,0.0,0.0,236.0,-4.0,-54.0,-60.0,0.0,0.0,0.0,0.0,0.0,1.1790123456790123,-0.43165784832451504,-0.3919753086419753,0.3343621399176955,0.484375,-0.21651785714285715,-0.140625,0.140625,29.5,-0.5714285714285714,-4.5,-6.666666666666667,-0.36611817501869864,-0.3324607329842932,0.2835951134380454,-0.4470046082949309,-0.2903225806451613,0.2903225806451613,-0.019370460048426148,-0.15254237288135594,-0.22598870056497175,1.905104712041885,1.1659031413612566,0.07482547993019198,2.064516129032258,1.129032258064516,0.0,0.5677966101694915,1.0084745762711864,1.3248587570621468,3.019283896474251,-0.006535525899009858,3.0218528948780854,0.9864005858503962,17.00110057544275,-0.0030128201718912753,2.5395388613593908,0,2,0,0,0,1.0,0.0,0.0,0.0,0.8568914100752346,0.45052378514530367,0.408248290463863,0,0,1,0,0,0,0,0,0,0,0.0,0.7175925925925926,0.0,0.0,0.0,0.0,0.0,0.55,0.55,0.0,0.0,0.4540111220059324,0.028831590468686573,0.028831590468686573,-2.75,0.0,0.5873073576599858,1.9056390622295665,2.1556390622295662,2.75,2.75,0.6352130207431889,0.7185463540765221,0.9166666666666666,0.9166666666666666,0.9166666666666666,0.979569764547061,0.979569764547061,0.979569764547061,1.0943609377704335,0.8443609377704338,0.25,0.25,0.25,0.25,19.835259174727405,22.838009174727404,23.185125,12.25,4.0,False,0.021401350150523496,-0.6549057077669751,0.10753198032724537,0.238218326319798,0.4007955408348865,-0.07756324002681153,-0.3681227252129535,0.09056430333643004,0.1413619935439116,-0.04608866390977289,-0.20040118863025047,-0.04057105721160871,0.19250673536202928,-0.1869076622142829,-0.03658729989865955,-0.1430135584150571,0.04133891280305822,0.21170113869368,-0.15945066462048998,-0.18902909456008307,0.10185870403024733,-0.04208410641346488,0.0,0.0,0.0,0.0,0.0,0.0,0.0,12.803740644660962,0.0,0.0,5.880003444970339,0.0,0.0,0.0,6.923737199690624,0.0,0.0,0.0,0.0,5.880003444970339,6.923737199690624,0.0,0.0,0.0,11.600939890232516,0.0,0.0,0.0,0.7175925925925926,0.0,1.432098765432099,0.0,0.9955220308284979,0.743838355587937,0.0,0.0,0.3313052529585142,14.254445031030222,0,0,0,0,0,0,0,0,1,0.25,0.11111111111111116,0.0,0.0,0.0,0.0,0.0,0.0,0.0,0.0,0.48611111111111116,0.5
14,PI510,*C(C*)(F)F,4.012289773726411,4.284815545186211,2.074313293051943,0.9697709703921366,2.62636349702538,2.2854998526347305,11.637366687675554,1.9433955633623914,4,2,0,0,0,2,0,14.75,9.142857142857142,6.416666666666667,0.0,3.25,2.0,1.0,29.5,22.285714285714285,16.833333333333332,4.0,12.75,2.0,-48.75,0.0,0.0,0.0,0.0,0.0,-3.25,-3.0,2.25,0.0,0.0,0.0,0.0,0.0,108.0,-4.0,10.0,-60.0,0.0,0.0,0.0,0.0,0.0,8.5,1.8214285714285714,0.16666666666666666,-5.416666666666667,1.0,-0.4642857142857143,-0.25,0.25,13.5,-0.5714285714285714,0.8333333333333334,-6.666666666666667,0.21428571428571427,0.0196078431372549,-0.6372549019607844,-0.4642857142857143,-0.25,0.25,-0.042328042328042326,0.0617283950617284,-0.4938271604938272,0.36764705882352944,0.8578431372549021,1.6813725490196079,2.125,1.09375,0.0,0.6481481481481481,0.8209876543209876,1.5123456790123455,7.009058623927878,-0.0063768166068686,4.017022705437672,0.9866115722243101,9.009062733287443,-0.003013151028175862,3.1684898726705697,0,2,0,0,0,1.0,0.3535533905932738,0.0,0.0,0.867851130197758,0.41631622319615647,0.3535533905932738,0,0,0,0,0,1,0,0,0,0,0.0,0.0,0.0,0.0,0.0,0.0,0.0,0.5833333333333334,0.5833333333333334,0.0,0.0,0.4267766952966369,0.05892556509887892,0.05892556509887892,-3.5,0.0,0.5175492758101009,2.0,2.25,2.5,2.5,0.6666666666666666,0.75,0.8333333333333334,0.8333333333333334,0.8333333333333334,0.8905179677700554,0.8905179677700554,0.8905179677700554,1.0,0.75,0.5,0.5,0.5,0.5,16.008499999999998,19.01125,19.01125,14.5,5.333333333333333,False,-0.2494841685266091,-0.6216064640006128,-0.1609834577140911,0.5675088480956236,-0.0022309633480063137,-0.038529606005571926,-0.08896203984659914,-0.16119332941871045,-0.10997646557613447,0.1935564621414127,0.11126953566239439,-0.07781276860296753,-0.04383706931942355,0.04184373681801808,-0.0024590204861213065,-0.02766572825647763,-0.026083724837773634,0.1268590017494321,-0.07121898857338903,0.0003629777362309204,0.12613859043474385,-0.04506701107751046,0.0,0.0,0.0,0.0,8.78083009534964,0.0,0.0,13.349181944549816,0.0,0.0,6.425444744859191,0.0,0.0,0.0,6.923737199690624,0.0,0.0,0.0,6.923737199690624,0.0,0.0,0.0,0.0,0.0,0.0,8.78083009534964,0.0,0.0,0.0,-2.0972222222222223,0.29861111111111116,0.0,1.103119738923038,0.6412119706885838,0.0,0.0,0.5502961158827728,48.836806912123606,0,0,0,0,0,0,0,0,1,0.2,0.09523809523809526,0.0,0.0,0.0,0.0,0.0,0.0,0.0,0.0,0.6952380952380953,0.5
15,PI511,*CC(*)(Cl)Cl,4.012289773726411,4.284815545186211,2.0743132930519432,0.9697709703921366,2.62636349702538,2.2854998526347314,11.637366687675549,1.943395563362391,4,2,0,0,0,0,2,2.6512345679012346,2.0317460317460316,0.30967078189300407,0.0,3.25,2.0,1.0,81.5,36.0,42.166666666666664,7.555555555555555,-3.6697530864197527,-6.987654320987653,3.62037037037037,0.0,0.0,0.0,0.0,0.0,-3.25,-3.0,2.25,0.0,0.0,0.0,0.0,0.0,364.0,0.0,74.0,-256.0,0.0,0.0,0.0,0.0,0.0,1.759259259259259,-0.5242504409171075,-0.5823045267489712,0.4022633744855966,1.0,-0.4642857142857143,-0.25,0.25,45.5,0.0,6.166666666666667,-28.444444444444443,-0.29799498746867165,-0.3309941520467836,0.2286549707602339,-0.4642857142857143,-0.25,0.25,0.0,0.13553113553113555,-0.6251526251526252,1.874561403508772,1.1646198830409358,0.10029239766081872,2.125,1.09375,0.0,0.5,0.7564102564102565,1.7136752136752138,4.015475632258582,-0.006382883807569719,4.017022705437666,0.9866115722243104,17.003200730555893,-0.003012939284560951,3.168489872670569,0,2,0,0,0,1.0,0.3535533905932738,0.0,0.0,0.867851130197758,0.4163162231961564,0.3535533905932738,0,0,0,0,0,1,0,0,0,0,0.0,0.0,0.0,0.0,0.0,0.0,0.0,0.5833333333333334,0.5833333333333334,0.0,0.0,0.4267766952966369,0.05892556509887892,0.05892556509887892,-3.5,0.0,0.6892361686328147,2.0,2.25,2.5,2.5,0.6666666666666666,0.75,0.8333333333333334,0.8333333333333334,0.8333333333333334,0.8905179677700554,0.8905179677700554,0.8905179677700554,1.0,0.75,0.5,0.5,0.5,0.5,24.236,27.238750000000003,27.238750000000003,22.5,5.333333333333333,False,-0.30940600458034634,-0.3869885952626036,0.46728012115461703,0.1342094093357984,0.49291520306568487,-0.22914688661111848,-0.3685167620974057,0.012774063716249222,-0.009074869924093641,0.15997339454331544,0.1254372732940229,-0.19425210555102623,0.08244642278010865,-0.0919887718336361,0.10704438113056516,0.014487057650302402,-0.017712254024657703,-0.06877517309423803,-0.16861632021580553,-0.053259565600280806,0.10516081227572838,-0.012089037082677476,0.0,0.0,0.0,0.0,0.0,0.0,0.0,11.76000688994068,0.0,0.0,4.836269690250055,0.0,0.0,0.0,6.923737199690624,0.0,0.0,4.836269690250055,0.0,6.923737199690624,0.0,0.0,0.0,0.0,23.20187978046503,0.0,0.0,0.0,0.0,0.0,1.1628086419753088,0.0,1.103119738923038,0.6412119706885838,0.0,0.0,0.5502961158827728,70.28118236191145,0,0,0,0,0,0,0,0,1,0.2,0.09523809523809526,0.0,0.0,0.0,0.0,0.0,0.0,0.0,0.0,0.6952380952380953,0.5
16,PI512,*C(F)C(*)(F)F,4.87656659757667,5.209851870244288,2.1753277471610755,0.9432457850775914,2.7927808364692956,2.4536892773649766,14.73033775838633,2.3332342162380466,5,1,0,0,0,3,0,21.5,12.714285714285714,9.916666666666666,10.88888888888889,3.875,2.25,1.0,39.5,29.142857142857142,21.5,20.0,3.25,-28.0,-12.25,0.0,0.0,0.0,0.0,0.0,-3.765625,-4.6875,3.515625,0.0,0.0,0.0,0.0,0.0,116.0,-1.0,-42.0,-15.0,0.0,0.0,0.0,0.0,0.0,9.25,0.4642857142857143,-2.3333333333333335,-1.3611111111111112,1.234375,-0.5379464285714286,-0.390625,0.390625,14.5,-0.14285714285714285,-3.5,-1.6666666666666667,0.0501930501930502,-0.2522522522522523,-0.14714714714714716,-0.43580470162748647,-0.31645569620253167,0.31645569620253167,-0.009852216748768473,-0.2413793103448276,-0.11494252873563218,0.46621621621621623,1.095720720720721,1.2875375375375375,2.0253164556962022,1.1518987341772151,0.0,0.5344827586206896,1.086206896551724,1.247126436781609,7.009480798942241,-0.004680322633346485,4.021921335431045,0.9866960318489967,9.009586840965865,-0.003013376079762861,3.541196965079901,0,2,0,0,0,1.0,0.28867513459481287,0.8660254037844386,0.28867513459481287,0.868192895598518,0.3911917713515211,0.28867513459481287,0,0,1,0,0,1,0,0,0,0,0.0,-1.6736111111111118,0.0,0.0,0.0,0.0,0.0,0.6071428571428571,0.6071428571428571,0.0,0.0,0.42048223899629494,0.0672625556284329,0.0672625556284329,-4.25,0.0,0.4920781983730163,1.9056390622295665,2.1556390622295662,2.75,2.75,0.6352130207431889,0.7185463540765221,0.9166666666666666,0.9166666666666666,0.9166666666666666,0.979569764547061,0.979569764547061,0.979569764547061,1.0943609377704335,0.8443609377704338,0.25,0.25,0.25,0.25,16.4645809042373,19.467330904237304,26.009500000000003,17.25,2.6666666666666665,False,-0.3492869478164432,-0.3986500733669731,0.12217151282202121,0.051824797271438766,0.17878066467873385,0.03511966483601113,0.08423028458640851,-0.3155176474849731,-0.20743134750532308,0.2506450588536279,0.12148646245716807,0.06349182968948709,-0.012156833424224857,-0.060118419103604166,0.09134776326511787,-0.11874278460426686,-5.527950917821531e-05,-0.011495957128817264,-0.09375150129854357,-0.0022485639679537817,0.11665169885800866,-0.09563264980557128,0.0,0.0,0.0,0.0,13.171245143024459,0.0,0.0,13.100035717134098,0.0,0.0,13.100035717134098,0.0,0.0,0.0,0.0,0.0,0.0,0.0,0.0,0.0,0.0,0.0,0.0,0.0,0.0,13.171245143024459,0.0,0.0,0.0,-2.8055555555555554,-1.6736111111111118,0.0,1.1848366600193907,0.5713140601996022,0.0,0.0,0.710668481222698,51.98985844745292,0,0,0,0,0,0,0,0,1,0.16666666666666666,0.14814814814814822,0.0,0.0,0.0,0.0,0.0,0.0,0.0,0.0,0.7314814814814815,0.5
17,PI513,*C(F)(F)C(F)(F)*,5.808524858402426,6.167293034331102,2.302775637731993,0.9013878188659974,2.947232884262478,2.6025950474720707,17.881697331994086,2.6606341430081213,6,0,0,0,0,4,0,28.5,18.285714285714285,17.5,21.77777777777778,4.75,2.5,1.0,49.5,36.0,31.5,36.0,-0.25,-33.0,0.25,0.0,0.0,0.0,0.0,0.0,-5.0625,-6.75,5.0625,0.0,0.0,0.0,0.0,0.0,108.0,0.0,-54.0,0.0,0.0,0.0,0.0,0.0,0.0,8.25,-0.03571428571428571,-2.75,0.027777777777777776,1.6875,-0.7232142857142857,-0.5625,0.5625,13.5,0.0,-4.5,0.0,-0.004329004329004329,-0.3333333333333333,0.003367003367003367,-0.42857142857142855,-0.3333333333333333,0.3333333333333333,0.0,-0.3333333333333333,0.0,0.5151515151515151,1.1666666666666667,1.1548821548821548,2.0,1.1666666666666667,0.0,0.5,1.1666666666666667,1.1666666666666667,7.011474837854497,-0.0040459004153079415,4.111897079002005,0.9867651470618464,9.011472383112306,-0.003013601182119163,4.020391543176799,0,2,0,0,0,1.0,0.5,2.25,1.5,0.875,0.375,0.25,0,0,0,0,0,2,0,0,0,0,0.0,0.0,0.0,0.0,0.0,0.0,0.0,0.625,0.625,0.0,0.0,0.40625,0.08302669529663687,0.08302669529663687,-5.0,0.0,0.5014730695097781,1.5,1.5,1.5,1.5,0.5,0.5,0.5,0.5,0.5,0.5343107806620333,0.5343107806620333,0.5343107806620333,1.5,1.5,1.5,1.5,1.5,1.5,15.5045,15.5045,15.5045,24.0,2.2222222222222223,False,-0.20270965435657826,-0.2610624205341949,-0.07759917684428455,-0.09919972416874051,0.15757623252590475,0.2032733389375595,0.41081305699269655,-0.4833541692652616,-0.4821731379570925,0.3215661968184471,0.17988443566430362,-0.01456592335883141,-0.0008515396539606479,-0.0562862698575976,0.04357903250991588,-0.12913263537441153,0.04921582031366152,0.09827470558602641,-0.023883848782118588,0.0040989957814533545,0.07398284462460038,-0.05491491075912368,0.0,0.0,0.0,0.0,17.56166019069928,0.0,0.0,12.850889489718382,0.0,0.0,12.850889489718382,0.0,0.0,0.0,0.0,0.0,0.0,0.0,0.0,0.0,0.0,0.0,0.0,0.0,0.0,17.56166019069928,0.0,0.0,0.0,-7.069444444444445,0.0,0.0,1.2421875,0.515625,0.0,0.0,0.828125,96.30901627658568,0,0,0,0,0,0,0,0,1,0.14285714285714285,0.16666666666666669,0.0,0.0,0.0,0.0,0.0,0.0,0.0,0.0,0.8095238095238094,0.5
18,PI514,*C(C(*)(F)F)(Cl)F,5.808524858402425,6.167293034331102,2.302775637731994,0.9013878188659972,2.9472328842624784,2.602595047472069,17.881697331994094,2.6606341430081217,6,0,0,0,0,3,1,22.450617283950617,14.730158730158731,11.796296296296296,12.098765432098766,4.75,2.5,1.0,75.5,42.857142857142854,41.5,52.0,-0.07716049382716078,-24.703703703703702,-9.601851851851853,0.0,0.0,0.0,0.0,0.0,-5.0625,-6.75,5.0625,0.0,0.0,0.0,0.0,0.0,212.0,-1.0,-90.0,-15.0,0.0,0.0,0.0,0.0,0.0,8.595679012345679,-0.011022927689594397,-2.058641975308642,-1.0668724279835393,1.6875,-0.7232142857142857,-0.5625,0.5625,26.5,-0.14285714285714285,-7.5,-1.6666666666666667,-0.0012823800974608923,-0.23949730700179533,-0.12411729503291445,-0.42857142857142855,-0.3333333333333333,0.3333333333333333,-0.005390835579514824,-0.2830188679245283,-0.06289308176100629,0.504488330341113,1.0845601436265708,1.2726511071214843,2.0,1.1666666666666667,0.0,0.5188679245283019,1.1226415094339623,1.2106918238993711,7.009590316475964,-0.0040511883529177105,4.11189707900201,0.9867651470618474,17.001101392477814,-0.003013495257819672,4.020391543176799,0,2,0,0,0,1.0,0.5,2.25,1.5,0.875,0.375,0.25,0,0,0,0,0,2,0,0,0,0,0.0,0.0,0.0,0.0,0.0,0.0,0.0,0.625,0.625,0.0,0.0,0.40625,0.08302669529663687,0.08302669529663687,-5.0,0.0,0.4827970392217274,1.9056390622295665,2.1556390622295662,2.75,2.75,0.6352130207431889,0.7185463540765221,0.9166666666666666,0.9166666666666666,0.9166666666666666,0.979569764547061,0.979569764547061,0.979569764547061,1.0943609377704335,0.8443609377704338,0.25,0.25,0.25,0.25,29.381455904237303,32.384205904237305,38.926375,23.25,2.2222222222222223,False,-0.013128879286050193,-0.2888284984339848,-0.2712389317943183,0.03176049750108342,0.10129809844013649,0.17731816712001908,0.3598919023444696,-0.36237046427944475,-0.25463280944694294,0.10674845272448799,0.23422565241609175,-0.2234373093265657,0.006072696091011555,0.03583998353381462,-0.028165595349957964,-0.05552025156676403,-0.033047240790402804,0.004265813352948816,0.033486461080368284,0.03080193662699819,0.12164367541008314,-0.15372709991805972,0.0,0.0,0.0,0.0,13.171245143024459,0.0,0.0,12.056301962413816,0.0,0.0,12.056301962413816,0.0,0.0,0.0,0.0,0.0,0.0,0.0,0.0,0.0,0.0,0.0,0.0,0.0,11.600939890232516,13.171245143024459,0.0,-2.5625,0.0,-3.1026234567901234,0.0,0.0,1.2421875,0.515625,0.0,0.0,0.828125,139.53038798265231,0,0,0,0,0,0,0,0,1,0.14285714285714285,0.16666666666666674,0.0,0.0,0.0,0.0,0.0,0.0,0.0,0.0,0.8095238095238095,0.5
19,PI515,*CCC=C(*)Cl,4.461420286601642,4.736714017448183,1.9318516525781364,1.1039152300446493,2.752227315274452,2.4813804754348485,16.819498868183157,2.46586391635623,3,5,0,0,0,0,1,2.8004115226337447,2.282828282828283,0.9074074074074073,0.5029239766081871,2.4166666666666665,2.111111111111111,1.7894736842105263,36.5,21.818181818181817,12.444444444444445,10.052631578947368,-1.3707133058984908,-6.131687242798354,-2.1313443072702336,-4.878600823045268,3.4897119341563787,0.0,0.0,0.0,-1.1736111111111116,-0.9583333333333334,-0.11805555555555536,-1.2499999999999998,1.041666666666667,0.0,0.0,0.0,261.66666666666663,-4.694444444444448,-40.5,29.36111111111112,-26.33333333333333,-88.66666666666666,0.0,0.0,0.0,1.837105624142661,-0.12461030053622645,-0.3406492912665752,-0.11217601617211756,0.40972222222222204,-0.10669191919191924,-0.05324074074074074,-0.00621345029239765,21.805555555555554,-0.42676767676767713,-2.25,1.5453216374269012,-0.06782968757954758,-0.18542716694667413,-0.06106127742353833,-0.26040061633281997,-0.1299435028248588,-0.015165031222123086,-0.019571511291256533,-0.1031847133757962,0.07086825343613816,1.3014747059921596,1.0747775496235457,0.9598508591808061,1.52542372881356,0.932203389830509,0.8831400535236401,0.6076433121019109,0.7987261146496816,0.638317130405632,4.045193452723576,-0.006304543874942291,3.0503346257579658,0.9870668961871978,17.001101221405897,-0.002981005527195803,2.678257743164726,1,1,1,0,0,0.5,0.0,0.0,0.0,0.814095801821324,0.4226792292175731,0.28375695125370776,0,1,0,1,0,0,0,0,0,0,0.0,0.0,1.194490740740741,0.0,0.0,0.0,0.0,0.6785714285714286,0.5357142857142857,0.0,0.0,0.46715080143280885,0.020593993191918982,0.020593993191918982,-2.75,0.0,0.6021881430712593,1.7841591278514217,2.9182958340544896,3.2516291673878226,3.2516291673878226,0.4976786026332264,0.8140380362325801,0.90701901811629,0.90701901811629,0.90701901811629,0.90701901811629,0.90701901811629,0.90701901811629,1.8008033728697344,0.6666666666666665,0.3333333333333335,0.3333333333333335,0.3333333333333335,0.3333333333333335,17.467608944009726,25.77815207719575,26.114152077195747,14.27067708633815,6.0,False,-0.3087768838083886,-1.0378738652684127,0.42815205892330754,0.07576688133875456,0.25137682327505906,-0.401074775638504,-0.22562774614029332,0.15191408977977577,0.12550051253488642,0.13764618572068982,-0.07435783717356431,-0.28939470060047756,0.3449571077186463,-0.16946047684380838,0.11081387956802437,-0.15481707329739636,-0.11715918940295678,0.22510786966934723,-0.1345996240175364,-0.2605912081750662,-0.017442180155158367,0.1518894749380164,0.0,0.0,0.0,0.0,0.0,0.0,0.0,13.344558822616634,0.0,0.0,0.0,0.0,0.0,6.4208216229260096,6.923737199690624,0.0,0.0,0.0,0.0,0.0,18.879760751494846,0.0,0.0,6.076020106833881,11.600939890232516,0.0,0.0,1.194490740740741,0.0,3.4830246913580245,1.4745833333333334,0.0,0.7230426738444322,1.08700950836516,0.0,0.0,0.24034494463441275,53.75885617038341,0,0,0,0,0,0,0,0,2,0.3333333333333333,0.07407407407407411,0.0625,0.053333333333333344,0.0,0.0,0.0,0.0,0.0,0.0,0.4399074074074074,0.6666666666666666
20,PI1041,*C(=O)c1ccc2c(c1)C(=O)N(c1cc(C(c3ccc(O)c(N4C(=O)c5ccc(*)cc5C4=O)c3)(C(F)(F)F)C(F)(F)F)ccc1O)C2=O,39.20249659491448,31.211268633715637,2.6365128859248004,1.2396995573872145,4.842687636043639,5.473222505427778,764.117791514913,8.227957159774531,17,14,2,7,0,6,0,15.904761904761905,13.0,14.070796460176991,11.81578947368421,4.698412698412699,5.221238938053097,4.447368421052632,34.888888888888886,32.1764705882353,33.256637168141594,29.855263157894736,33.867472915091966,94.6429831191736,58.84101788863694,47.374905517762656,-320.130007558579,-123.55228017132777,131.39884101788866,202.5263290501386,11.44872763920383,2.8999748047367064,-39.831695641219454,-1.1511715797430082,16.210128495842778,-12.203829680020158,-23.44167296548249,7.0312421264802225,469.4285714285715,-11.00226757369615,69.88208616780045,86.61678004535148,147.42176870748298,-342.97959183673476,-211.82766439909295,133.16099773242632,165.07029478458054,5.004283194759386,0.49805107228076423,0.8375485231785275,0.3871119597936641,0.9483497102544722,0.16836364175299748,0.025663493847227492,-0.26205062921854905,7.451247165532881,-0.16179805255435514,0.6184255413079686,0.5698472371404703,0.09952495750087367,0.16736633211638177,0.07735612568830191,0.1775332874914046,0.027061213358035574,-0.2763227809161586,-0.021714224338548572,0.08299624580548207,0.07647675945798763,0.4164499754186238,0.4855511881540149,0.6572481702695969,0.9156404325811088,1.0560926523280636,1.33812014094748,0.5418978912319643,0.5399899816329937,0.6629841112214496,7.01741600322174,-0.003977172253106497,4.1572351556066796,0.9722220420978833,9.017430777073212,-0.002981906181392055,1.3165647890992038,5,2,0,0,1,0.09375,0.5416666666666667,2.736680364099952,0.7470084679281463,0.7337742140579888,0.2718759219144273,0.15524164790832268,0,0,0,5,0,3,2,0,2,0,9.790233494913487,0.0,-4.755532198744205,-7.130906332805827,0.0,0.5068820107682634,0.0,1.3214285714285714,0.6581632653061225,1.0,0.02040816326530612,0.4654178640677156,0.032831392307245535,0.04336200455214349,0.25,0.49206349206349204,0.9616739765632157,1.9699112192533033,3.615880622380737,4.274355915323023,5.052444010698482,0.32956649922124576,0.604937474680541,0.7151005089318672,0.8452747864182493,0.8738350181991261,0.6668895621927454,0.7882876955143391,0.8149224415823033,4.0073687042466135,2.36139930111918,1.7029240081768942,0.9248359128014352,0.7541234127670959,0.6588853175290001,20.4344108512469,39.13990198131728,46.896043109165404,58.237156545837834,6.397581254724112,False,2.6361837881352277,-3.2479459308805394,-1.579210474060071,-4.128452070141673,1.4415186228650594,1.2742326810570253,0.8994670422173922,-1.8928852240867917,-2.062265162965546,2.875263299107745,0.8204224719918003,-0.6716430546452689,0.2401293336549552,-0.21788525894166552,-0.4462971000246747,-1.3835792018316246,-0.19513098149278257,0.05076158553488236,0.2831465838277697,-0.31614040080115174,0.268637698291835,-0.7121442371492639,0.0,0.0,0.0,0.0,60.52823099608944,0.0,0.0,17.76758750428373,9.799819461700956,15.866186530162565,52.48053126510394,5.41499046939678,0.0,62.916846362238076,0.0,0.0,11.49902366656781,51.13606184938823,29.16537800469692,18.19910120538483,18.19910120538483,6.06636706846161,0.0,0.0,0.0,34.18574071004052,21.219663560614897,-10.888377332350414,-6.488828267535325,-12.710097447814046,0.0,0.0,0.6256517688622756,1.399561664134681,0.09189710695096966,0.25486818538976275,0.20781681481114114,2600.192602670093,0,2,0,2,0,2,0,0,5,0.09259259259259259,0.1047254150702427,0.08867521367521367,0.04020289855072463,0.03286324786324786,0.03025487528344671,0.019885230326698578,0.01377593966879681,0.009435975609756099,0.010761242050130942,0.600580038098258,0.9
21,PI1042,*c1ccc(Oc2ccc(-c3ccc(Oc4ccc(N5C(=O)c6ccc(Oc7ccc(C8(c9ccc(Oc%10ccc%11c(c%10)C(=O)N(*)C%11=O)cc9)CCCCCCCCCCC8)cc7)cc6C5=O)cc4)cc3C)c(C)c2)cc1,62.411134425429914,34.648605025595245,2.5319824761259078,1.324886176180344,5.301438294856401,4.8901164376727175,14103.726659065524,11.608318077201554,12,56,2,8,0,0,0,7.731343283582089,7.777777777777778,6.528,4.985549132947977,3.626865671641791,3.96,3.320809248554913,22.70149253731343,25.041666666666668,21.748,18.14450867052023,190.68879483181115,183.42882601915798,90.95767431499223,8.488973045221663,62.93250167075071,242.92559590109158,291.32234350634883,-23.262864780574745,30.69191356649589,1.1187346847850446,-19.579193584317213,-22.886166184005347,5.175317442637553,24.818445087992863,25.782579639117834,4.593005123635551,945.731343283582,60.348407217643086,116.4564490977946,109.8578748050791,-45.509690354199186,-117.39852973936289,73.31543773668969,529.3787034974382,139.9775005569169,3.7908220093562046,1.3242277418875774,0.7337153040766319,0.2628834517774342,0.6293161060369792,0.21313828865622148,0.004474938739140178,-0.05658726469455842,7.057696591668522,0.4190861612336325,0.46582579639117844,0.31750830868519975,0.3493246949129303,0.19355044955044956,0.06934734765404607,0.3386823992133729,0.007110796460177085,-0.08991866591641515,0.05938001949933011,0.06600252509311282,0.044987525967043175,0.452741498697381,0.715309749074455,0.93985086657647,0.7228687315634219,1.1734130973451329,1.1942718297611132,0.751013434722836,0.8111648254529387,0.9258944467291105,6.027845576674035,-0.0037267287656913,4.029989962289927,0.9772208882986514,8.027961906879431,-0.002850640989574168,0.6231028131141942,4,2,11,0,1,0.21212121212121213,0.08333333333333333,1.4595041022145137,0.08333333333333333,0.6912397255122021,0.27344012606581014,0.17489821899190905,2,0,0,4,0,1,2,0,0,4,54.472926143162226,0.0,-1.2298420636918825,15.316504337001014,0.0,2.5800969705037957,0.0,1.3429487179487178,0.625,2.0,0.02564102564102564,0.4858956088347994,0.013004565041778703,0.02513277016998383,7.25,0.5223880597014925,0.9396723834244194,1.4530900299138638,3.2199598153669076,4.179876254301495,5.377880910721266,0.2056427524119217,0.455691929237919,0.5915402624617457,0.7610830780318615,0.8305736114032818,0.5628504224354399,0.7241703720993984,0.790290598473503,5.612999160543908,3.8461293750908645,2.8862129361562774,1.6882082797365063,1.1971819730415687,0.9662980854877921,11.726414844488707,28.4386311211473,38.24476728085085,61.370785975908696,13.985020661157025,False,11.013969488572513,-12.730407202495886,1.3119855193875964,-3.96911774731223,0.04483213549699672,0.5692599667702993,-1.8690130865883026,0.5128467639188996,0.9587849129035297,3.3793910554039717,-0.9751379750867561,-1.1026409349674169,2.098733682190166,-3.585161857619364,-1.5601848995881218,-2.2625388353520695,-0.7956795837441621,1.6856485889866795,0.5330871146066682,-1.195848147302427,0.3752641434282762,-1.5064687106619543,9.473725907600098,9.589074368143644,69.92012874325732,54.59730361615449,38.12560055148748,5.316788604006331,0.0,89.89150272096414,4.899909730850478,29.913728614512284,28.945507521412353,5.41499046939678,13.847474399381248,134.31479852204941,0.0,11.126902983393991,45.99609466627124,22.792801419796785,56.87481174947798,59.43611612505984,72.3557197471945,60.6636706846161,54.59730361615449,68.44477801553573,18.947451815200196,19.178148736287287,1.3775075767772393,8.481079874580393,3.924358653180958,12.899799358267996,4.156726633751145,0.0,0.2992925742788911,1.7846682304734145,0.055886642540827404,0.19827553679715232,0.0,8637.851002115392,1,3,0,2,0,2,0,0,12,0.13636363636363635,0.07349081364829399,0.05350156494522691,0.03175523349436393,0.01954582319545823,0.018565942506034674,0.013748982498982496,0.009662760324135983,0.006356802983539096,0.005303008868071257,0.4080672961004702,1.0
22,PI1043,*c1ccc(Cc2ccc(N3C(=O)c4ccc(Oc5ccc(C6(c7ccc(Oc8ccc9c(c8)C(=O)N(*)C9=O)cc7)CCCCCCCCCCC6)cc5)cc4C3=O)cc2)cc1,50.29285988933592,29.687599231298066,2.531824282249982,1.3273895954807513,5.088061316430639,4.780380458286175,4299.582768619059,10.206822899817665,10,46,2,6,0,0,0,7.486238532110092,7.435897435897436,6.213592233009709,4.63013698630137,3.596330275229358,3.9223300970873787,3.212328767123288,22.34862385321101,24.666666666666668,21.12621359223301,17.164383561643834,137.840754145274,149.3214375894285,142.09578318323375,101.62999747496002,131.0174227758606,169.13306960693546,166.22237185422102,-41.127682854978545,22.266560053867515,-0.39525292483798746,-11.256796565945631,-7.195017254439862,8.664927194680589,18.62031815503746,13.559296355525635,2.6611396347108838,771.0825688073398,45.73705917010349,33.77055803383551,139.22834778217324,42.81727127346181,63.36032320511741,69.58370507533036,321.251746485986,111.51586566787306,3.703391970372866,1.1781261038057607,0.7248613475214977,0.48662939446312925,0.6214965070280277,0.19031247909288473,-0.0019187035186310072,-0.038550673171046684,7.074152007406788,0.3909150356419102,0.1639347477370656,0.47680941021292206,0.31812082362082356,0.19572903795233887,0.13140099626400992,0.3062164902630775,-0.003087231379314058,-0.06202878493299104,0.05525963185871803,0.023173766631735145,0.06740163481272278,0.4710629370629368,0.6922413945278019,0.8347051681195513,0.7494374531210937,1.1918238332158753,1.1520150937235643,0.7613671308702716,0.8505756765897985,0.8950589878190931,6.026791464812583,-0.0037265110703341635,4.029964616338653,0.9772209027182591,8.026860295039306,-0.002850617381866156,0.7707319433636683,4,0,12,0,1,0.24528301886792453,0.08333333333333333,1.2114984569290825,0.08333333333333333,0.6905214207382254,0.2730466754293725,0.17518971630446684,0,0,0,4,0,1,2,0,0,2,43.54355701654494,0.0,-1.0925671221203588,10.774946661985336,0.0,2.637737879576085,0.0,1.3055555555555556,0.623015873015873,1.0,0.015873015873015872,0.4867091118428014,0.011929198671057274,0.02421491295677156,3.75,0.5229357798165137,0.9013758572933493,1.4730154341824393,3.2240757097094126,4.08245665291434,5.238733549727708,0.21763819711440685,0.47635755100621846,0.6031834325151738,0.7740234748852488,0.8361022777880326,0.5734640322500248,0.7358866292348049,0.7949067526513899,5.2951688905944865,3.5441086150675134,2.685727671862586,1.5294507750492183,1.1092899943416805,0.8804969582663942,11.771367493007158,28.18404395859983,37.4915121161188,52.21287387587388,11.069232295179528,False,7.363655679600846,-13.197646624308696,1.9152367469623561,-3.4763456489588798,0.01508619815358736,0.8298174223587942,-2.4493066720645627,-0.4923636409443809,1.2088429351907855,2.9509565589559195,0.17099046893107914,-1.8670553570857114,1.379899732385335,-3.08061922875879,-0.35571252441292267,-1.7162582974869138,-0.6047208990144493,0.8839063225031797,-0.18612458006316157,-1.1729197601651915,0.4455570868528622,-1.076433648751274,4.736862953800049,0.0,69.92012874325732,30.33183534230805,28.651874643887382,5.316788604006331,0.0,82.46484994450891,4.899909730850478,20.440002706912185,28.945507521412353,11.83581209232279,0.0,134.31479852204941,0.0,0.0,22.99804733313562,29.0437093868028,50.939239574607164,37.667559606327046,77.9191712388915,36.39820241076966,48.53093654769288,48.53093654769288,9.473725907600098,19.178148736287287,1.380272787545898,6.736939100559104,1.2563031560113629,13.857563491505914,0.0,0.0,0.3047981210740755,1.7789939298162987,0.06918981416171849,0.17973172116389932,0.0,9223.56184884694,1,3,0,2,0,2,0,0,9,0.1267605633802817,0.07407407407407411,0.05348440545808966,0.029414141414141424,0.01840909090909091,0.016572789115646257,0.014268828098615332,0.008794554070643232,0.007100175892738618,0.004959328943855055,0.39609147248393684,0.9375
23,PI1044,*c1ccc(Oc2ccc(Oc3ccc(N4C(=O)c5ccc(Oc6ccc(C7(c8ccc(Oc9ccc%10c(c9)C(=O)N(*)C%10=O)cc8)CCCCCCCCCCC7)cc6)cc5C4=O)cc3)c(C(C)(C)C)c2)cc1,59.15284746002963,34.510593760722536,2.532390107176831,1.3109320232995643,5.246939784341597,4.96578095183935,6609.960965694178,10.797813027697146,12,56,2,8,0,0,0,7.523076923076923,7.561151079136691,6.30327868852459,4.795321637426901,3.5692307692307694,3.901639344262295,3.219298245614035,22.29230769230769,24.64748201438849,21.33606557377049,17.628654970760234,197.74556213017746,203.82840236686386,145.1775147928994,110.46745562130178,31.568047337278102,97.22485207100591,200.66272189349115,22.218934911242624,30.092071005917166,-1.444023668639046,-7.239763313609464,-5.437633136094676,0.8026035502958568,7.9607100591715945,9.846627218934909,14.321420118343193,928.4923076923076,59.27360946745562,156.59905325443782,58.85869822485206,161.58082840236685,-66.97893491124258,-47.780828402366836,317.57585798816564,104.39218934911246,3.824852071005917,1.4226299433825718,0.835362304782229,0.4244956572891795,0.65301775147929,0.21648971946702997,-0.005918129789504287,-0.021168898577805448,7.142248520710059,0.42642884508960877,0.6417993985837616,0.17210145679781305,0.3719437816083766,0.218403820402532,0.11098354901279599,0.3315219517028639,-0.009062739529052415,-0.03241703388591084,0.0597051256131892,0.08985957247535767,0.02409625712389847,0.44701534564427664,0.7033503971554942,0.8939952177783567,0.7925826790542918,1.2860314826588393,1.1307928438348498,0.7686399263410058,0.7997298702801489,0.9467480110835148,6.027829308686724,-0.003726711099977507,4.030339997612812,0.9772208694897723,8.027940760872422,-0.002850634571121958,0.6954332003899998,4,3,11,0,2,0.25806451612903225,0.3720084679281462,1.623977412621235,0.20118446353109126,0.6968017221462602,0.27684412577707,0.17410547578300037,3,0,0,4,0,2,2,0,0,4,48.06410495193445,0.0,-1.230324324967072,11.78909069339928,0.0,2.5808174693518904,0.0,1.3006756756756757,0.625,2.0,0.02702702702702703,0.482894219686592,0.015946504129260575,0.027568125750882196,3.75,0.49230769230769234,0.9619240855111116,1.4656597601114385,3.258241521335634,4.194145333513709,5.370450624584819,0.2087130436819658,0.4639804704177821,0.5972551488591067,0.76476350535515,0.833283471472159,0.5700463049233206,0.7299235698523057,0.7953220073092029,5.556708052917016,3.76412629169282,2.8282224795147455,1.651917188443635,1.1707447838337508,0.9789106228167785,11.904420397222893,28.826028822722733,37.78673301245585,57.05883581196921,13.519338842975207,False,3.267241225552735,-14.161605442475288,-0.1485042235289313,-1.7424366488766532,-1.0831934143567739,1.3799767964892817,-2.5955481068630624,1.042356752196857,0.5598906277935453,2.6681022539374633,-0.5750988509944552,-1.7355008783621049,1.697666943054193,-3.4982420004149923,-1.689348051037975,-1.4382160848752121,-1.1924012512914248,0.21470422207181117,-0.275731975410636,-1.4273379401929405,0.6435281019255246,-0.7873509082414656,4.736862953800049,9.589074368143644,69.92012874325732,42.46456947923127,38.12560055148748,5.316788604006331,0.0,102.23023039005155,4.899909730850478,29.913728614512284,28.945507521412353,10.82998093879356,0.0,149.5225586294243,0.0,0.0,45.99609466627124,28.207791889193565,56.87481174947798,42.74576164996884,72.3557197471945,60.6636706846161,54.59730361615449,57.169414009841525,18.947451815200196,19.178148736287287,1.3773989510131637,4.830626390066252,3.8265047248175836,12.909524832158391,6.3907174466005525,0.0,0.315646164198762,1.7594194908847816,0.058909855735929155,0.20916377429839894,0.0,9492.953144395695,1,3,0,2,0,2,0,0,11,0.13253012048192772,0.0752984389348026,0.054363598673300165,0.03232323232323233,0.02091687552213868,0.018590785907859078,0.014191552327145548,0.009234119248739129,0.0082003692680776,0.00553124119123092,0.4314212977338754,1.0
24,PI1047,*c1ccc(Oc2ccc(C3(c4ccc(Oc5ccc(N6C(=O)c7ccc(Oc8ccc(C9(c%10ccc(Oc%11ccc%12c(c%11)C(=O)N(*)C%12=O)cc%10)CCCCCCCCCCC9)cc8)cc7C6=O)cc5)cc4)CCC(C(C)(C)C)CC3)cc2)cc1,68.96956339752391,38.16155667812352,2.532484080248495,1.3222693831982513,5.400478787189315,5.483698178890826,7073.623265884491,11.015890315441121,12,70,2,8,0,0,0,6.923076923076923,7.029940119760479,5.731543624161074,4.223776223776224,3.5128205128205128,3.87248322147651,3.198135198135198,21.435897435897434,24.035928143712574,20.604026845637584,16.82051282051282,220.0979618671927,201.54898093359637,126.20512820512822,152.32675871137408,262.1623931623932,297.0624589086128,134.39053254437866,-124.23602892833661,36.50295857988165,-9.786982248520708,-24.153846153846153,-0.40236686390532483,32.30769230769231,27.668639053254434,1.5621301775147893,-6.798816568047336,1097.4358974358975,73.95003287310988,147.4109138724524,20.92307692307687,26.00920447074295,96.44444444444443,378.9125575279422,396.18145956607486,-64.73109796186723,3.6088099934253783,1.3179518674682198,0.6763388621932764,0.2941844480306019,0.6489151873767258,0.2185805902986925,-0.03284222231047217,-0.05630267168728707,7.034845496383958,0.44281456810245434,0.4946674962162832,0.048771741079433266,0.36520400627057065,0.18741326460119756,0.08151840871826298,0.3368399978159182,-0.050610962648660766,-0.08676429953025698,0.0629458839330685,0.07031675343410904,0.006932880203908224,0.4781064578803769,0.7520578068889456,0.9110058960897,0.8160047685783448,1.3924262050957752,1.2545477572073316,0.7983770776204601,0.8374768707269649,0.9639762107051826,6.0278654276143495,-0.0037268915483063443,4.032404102044156,0.9772208685105843,8.028001548305866,-0.002850654177293105,0.5940915192564382,4,3,15,1,3,0.2972972972972973,0.4553418012614795,2.0245509865142246,0.31100423396407306,0.6928138256730397,0.27391002981875595,0.17349216944152374,3,0,1,4,0,3,2,0,0,4,59.85769898229615,0.6509053367281682,-1.212800266010459,13.660485536229622,0.0,2.6022557203460197,0.0,1.2703488372093024,0.6191860465116279,2.0,0.023255813953488372,0.4841254153096956,0.01487706797371245,0.026877067973712452,2.75,0.48717948717948717,0.8132729873679182,1.4100858070501334,3.204320129321884,4.158884601753511,5.330184930374025,0.19354947945075085,0.43982748420200446,0.5708517494045783,0.7316253475441514,0.7939356491603196,0.5466943632297228,0.7006643211929635,0.760337766531852,5.875316411812115,4.081082089540365,3.126517617108738,1.9552172884882237,1.5012616788358164,1.2772973138857768,11.297888676159028,28.06024120651027,36.90587846117127,70.45045396864742,15.244897959183673,False,15.995778112027669,-15.38016623825566,3.9442854282659763,-3.8207370041993673,-1.532045043411515,0.25420258012848207,-5.639511073312678,1.2769031159010624,3.698238507908469,1.1646902914554498,1.4707482230699591,-4.2875733813810095,3.0529620880407418,-4.379703591511499,-1.4009095664470386,-1.6788228463930237,-1.5958344999074265,1.0754880527377209,0.5283288314784649,-1.2633033224771042,0.458326076859312,-1.7400812278469209,9.473725907600098,9.589074368143644,90.69134034232918,78.06293426863589,38.12560055148748,5.316788604006331,11.332896515558172,127.9135168817556,4.899909730850478,29.913728614512284,28.945507521412353,10.82998093879356,11.332896515558172,180.76929661282537,0.0,0.0,45.99609466627124,39.52996208794185,62.79271779563937,62.8655966499759,83.48262273058849,60.6636706846161,36.39820241076966,105.70035055753443,18.947451815200196,19.178148736287287,1.3806247706252983,6.796781178537074,4.710714098698116,17.29972781270029,7.096581380959449,0.0,0.2715129754878943,1.8105340434105814,0.050688560189905425,0.17989103052268474,0.0,13708.162330338775,1,4,1,2,0,2,0,0,13,0.13402061855670103,0.08137715179968705,0.05053284416491964,0.0276989247311828,0.02081517792302106,0.019627287534732203,0.01495284103979756,0.009079518050606486,0.007088606892263967,0.004742227469500197,0.4317908682655047,0.9523809523809523
25,PI1048,*c1ccc(Oc2ccc(C3(c4ccc(Oc5ccc(N6C(=O)c7ccc(Oc8ccc(C9(c%10ccc(Oc%11ccc%12c(c%11)C(=O)N(*)C%12=O)cc%10)CCCCCCCCCCC9)cc8)cc7C6=O)cc5)cc4)C4CC5CC(C4)CC3C5)cc2)cc1,69.84541153528468,37.881088875115005,2.6436746644810256,1.3440885567282848,5.414353335811667,4.357697351690902,5122486.0491607655,17.600912638907463,12,66,2,8,0,0,0,7.184210526315789,7.260606060606061,5.966442953020135,4.34703196347032,3.6578947368421053,4.067114093959732,3.3424657534246576,21.973684210526315,24.618181818181817,21.140939597315437,16.84931506849315,191.1966759002771,183.8282548476455,137.90581717451522,57.335180055401665,112.96952908587257,262.1108033240997,288.2880886426592,-66.3213296398892,32.84764542936287,-1.047091412742392,-24.93074792243768,-30.94459833795014,8.03324099722992,35.324099722991704,33.063711911357345,5.412742382271465,1065.3684210526317,78.64612188365658,43.94875346260396,116.53047091412749,38.36911357340722,-97.78116343490308,115.64681440443209,580.6869806094182,170.43213296398892,3.594182825484764,1.1587677327289523,0.6168733384149178,0.31485346386875623,0.6412742382271469,0.19907663896583558,-0.0035137295729610473,-0.05691951580465223,7.009002770083103,0.476643162931252,0.14747903846511395,0.2660513034569121,0.3224008874875929,0.17163104059174208,0.0876008481361241,0.3104391648668105,-0.0054792932001681985,-0.08876002248587236,0.06800441925429579,0.021041372546549208,0.03795851024521105,0.48578852104863673,0.7206724987391862,0.8954502863779134,0.7792623862818246,1.247626364387493,1.2626520015385068,0.7679460347971364,0.8642030425144344,0.9313090148021722,6.027866982531302,-0.0037268156429843295,4.039875031647329,0.9772209009596673,8.028002398747278,-0.002850654085392577,0.540170329975109,4,0,16,4,2,0.2972972972972973,0.1388888888888889,1.7888487261187087,0.19444444444444442,0.6804784487981027,0.26593267704315066,0.16763624463211546,0,0,4,4,0,2,2,0,0,4,60.54191573103807,2.832828045239485,-1.1944578566021946,13.978007420991428,0.0,2.6143943584722242,0.0,1.2819767441860466,0.6308139534883721,2.0,0.023255813953488372,0.4881667487645695,0.010835734518838543,0.025835734518838544,1.75,0.5263157894736842,0.9827117969992394,1.4161540862448998,3.1786463569407277,4.1383969064404305,5.44041330724377,0.195387451601605,0.4385593469367509,0.5709765858949967,0.750616406849102,0.8194469266393224,0.5450668849526358,0.7165550335733399,0.7822621710261279,5.831773427198685,4.069281156502857,3.1095306070031548,1.8075142061998148,1.308635588047653,1.039303739809455,11.327692174471666,27.826008209416734,38.04209408267272,68.09581735969167,13.28,False,12.4074961547424,-15.300026854904578,-0.670885667065779,-1.5343327298623888,-0.6436997333937282,-0.653145741128504,-5.340675550137405,1.149506671150565,2.0511460293649684,2.7972546611453124,-1.2708719346842852,-3.4327955599592763,2.9973695349982457,-4.00186074627227,-0.7042653718305293,-2.1574732205809353,-1.1835764572117933,0.9188547797799071,-0.09474917744805327,-0.9166915954961633,-0.0543100032538926,-0.372427894783004,9.473725907600098,9.589074368143644,69.92012874325732,84.9866714683265,38.12560055148748,5.316788604006331,23.671624184645573,113.56312690560975,4.899909730850478,29.913728614512284,28.945507521412353,10.82998093879356,23.671624184645573,166.41890663667948,0.0,0.0,45.99609466627124,28.551520126848075,68.52456350021386,54.767634083878534,115.58673084521855,48.53093654769288,36.39820241076966,97.06187309538579,18.947451815200196,19.178148736287287,1.3822411847402676,6.826854091772336,7.016091613716167,19.415274826699573,0.0,0.0,0.27154170606929234,1.8360084119540439,0.050688874774895275,0.17991890164190724,0.0,10883.529827857768,1,7,4,3,1,2,0,0,13,0.13131313131313133,0.07001522070015223,0.053946476964769646,0.028102139406487238,0.018072702331961593,0.01985355253212396,0.013159872534872535,0.009910998672548067,0.006252212293878961,0.0042636130224341096,0.4053949702774102,0.9523809523809523
26,PI1049,*c1ccc2c(c1)C(=O)N(c1ccc(Oc3ccc4ccc(Oc5ccc(N6C(=O)c7ccc(C(*)(C(F)(F)F)C(F)(F)F)cc7C6=O)cc5)cc4c3)cc1)C2=O,46.13741361627153,30.144763233012082,2.588009856722824,1.2821369374840073,4.998900552260849,4.6502496127566015,57439.04735431491,12.698945793367885,16,20,2,6,0,6,0,13.974025974025974,11.904761904761905,12.257142857142858,9.152173913043478,4.51948051948052,4.807142857142857,3.972826086956522,32.0,30.857142857142858,30.785714285714285,25.130434782608695,63.2349468713105,100.49114521841793,-68.38455051442067,67.55236970821386,-234.52690166975884,-57.23123629617135,308.988024962051,230.3487940630798,8.561983471074381,-9.1629279811098,-34.63602631135099,-7.777028166638557,8.693877551020405,1.5975712599089205,-0.7687637038286401,-0.4693877551020398,568.8831168831169,15.867768595041358,75.97874852420314,-104.70770787653903,129.62067802327545,-279.9369202226345,-197.2759318603475,284.7363805026143,298.15213358070497,4.895935233597573,0.7527969865632202,0.7177938944172709,-0.37165516583924274,0.8250969809411368,0.10192837465564739,-0.0654494855793557,-0.18823927343125538,7.388092427053467,0.1889020070838257,0.542705346601451,-0.5690636297637991,0.153759588443342,0.14661016949152536,-0.07591096452600488,0.1235350231670755,-0.07932338511856091,-0.22814199758256604,0.025568441238243138,0.07345676193954895,-0.07702443294835094,0.3935969868173257,0.5687956455835743,0.933488505850423,0.9399018806214227,1.1278822567457072,1.202740054747769,0.5280187501902414,0.61740023742124,0.9547693678957251,7.017432963323173,-0.0039762915305382035,4.154639604643039,0.977240861906715,9.017446058511709,-0.0029815444110205033,0.7800246794338018,4,2,0,1,0,0.07317073170731707,0.5721687836487033,3.105885420521161,1.1521097956087902,0.7123395538578341,0.27288467368391117,0.16621302942238617,0,0,0,4,2,3,2,0,0,2,30.423427512198778,0.0,-2.65166043445673,2.158640563991323,1.6270795700276834,1.8525455797225088,0.0,1.3771929824561404,0.6578947368421053,1.0,0.017543859649122806,0.4726265253835866,0.025868449394888728,0.037938624833485216,3.5,0.5454545454545454,0.8481137518142725,1.8366859680229202,3.2031933744072605,4.160124210713542,5.438547092502469,0.29308258005852816,0.5111381014187328,0.6638369096663441,0.8678366587382451,0.9056875425420675,0.6195966769114521,0.810001224738191,0.8453296035636428,4.43010057267198,3.0635931662876406,2.1066623299813587,0.8282394481924324,0.591036039017232,0.4871399351211272,18.280809565010895,34.66731940903159,46.16101568390634,55.45351092464733,8.331428571428571,False,3.954420716721555,-5.670999542361392,-2.0384545507747545,-3.409198022713083,0.807536459942959,0.6441210506444008,0.562799122537334,-1.6312770351612111,-2.359395732054688,3.476779102330223,0.5791015145473288,-0.999934235279822,-1.082354602628603,-0.8206024740265501,-0.808280174242647,-1.3473800426341198,0.0845350072196529,0.1015124622808139,0.97561249429084,-0.41964269087223627,-0.09094898419380254,-0.768491281722012,0.0,0.0,12.13273413692322,22.90518256585281,54.99436492993631,0.0,0.0,18.270503081048343,9.799819461700956,25.339912437762663,35.981315952292974,5.917906046161393,0.0,46.995406194772265,0.0,10.772448428929591,22.99804733313562,23.06519722508357,56.84498045898687,27.80509229670329,24.26546827384644,60.6636706846161,18.19910120538483,0.0,9.473725907600098,45.52063902233621,1.6270795700276834,-0.6626448983732105,-4.975858005836499,-11.237455850464764,0.0,0.0,0.5173507512782454,1.5410244429623343,0.07901612329059267,0.19954320942066012,0.17694275623164654,4176.046223945021,0,2,0,3,1,2,1,1,7,0.109375,0.09111111111111114,0.07118055555555554,0.03951194184839045,0.02755246913580247,0.02433106575963719,0.017407171201814058,0.010525232523891138,0.00936664094650206,0.006605477997660694,0.5319666660803647,1.0
27,PI1050,*c1ccc(Oc2ccc3ccc(Oc4ccc(-n5c(=O)c6cc7c(=O)n(*)c(=O)c7cc6c5=O)cc4)cc3c2)cc1,34.11218292116277,22.469474251070405,2.5872422193722415,1.3369646392438554,4.700946108496561,4.369326528141902,18487.648019402848,11.259942638734898,10,16,2,6,0,0,0,11.482758620689655,10.90625,10.134615384615385,8.066666666666666,4.413793103448276,4.8076923076923075,3.911111111111111,28.448275862068964,29.34375,27.884615384615383,23.555555555555557,45.14625445897741,11.500594530321058,-55.79548156956004,-42.97502972651605,0.271105826397136,74.2627824019025,81.76456599286563,34.417360285374556,8.511296076099878,-8.195005945303215,-15.21997621878716,-1.7419738406658736,5.663495838287753,-1.6409036860879895,2.3258026159334144,-6.618311533888228,393.1034482758621,15.609988109393605,5.124851367419772,-57.9131985731272,-70.17003567181926,-4.826397146254465,22.218787158145066,70.97265160523185,90.68014268727703,4.061831153388822,0.705410225921522,0.11058263971462555,-0.4132998634782225,0.684898929845422,0.1329890011890606,-0.07879813408945399,-0.1127405645836086,6.777645659928657,0.24390606420927508,0.04927741699442089,-0.4289866560972385,0.17366803278688528,0.027224824355971927,-0.10175210339144765,0.1941731770833333,-0.11505074786324795,-0.16460905349794244,0.03598684210526321,0.007270580296896135,-0.06329434697855747,0.4574360545960188,0.7049109957665287,1.0484484777517566,0.7174479166666669,1.103766025641026,1.1160300925925928,0.591328125,0.6985096153846154,0.9838518518518518,6.027169222643418,-0.0037273013579801288,3.3359147028092675,0.9769999008250594,8.027206079754384,-0.00285104138123129,0.88307777923685,4,0,0,0,0,0.0,0.0,0.9147919625694936,0.0,0.6933387358755029,0.2674469439942313,0.17154525292588196,0,0,0,0,6,0,0,2,0,2,29.255139248726003,0.0,0.0,4.450272998845093,2.6228209083750453,0.0,2.277744114236572,1.5416666666666667,0.6607142857142857,3.0,0.07142857142857142,0.48243001395882057,0.015527451811967399,0.02986078514530073,9.25,0.6206896551724138,0.9087906849342454,1.6595365985012456,2.9353986674667634,4.073329701949521,5.418157288156416,0.28329497823253097,0.5010939212517602,0.6953470325932347,0.9249188914513408,0.9764541683222452,0.6407072563450021,0.8522395545047374,0.8997252333114704,4.198444396626327,2.9225823276608085,1.784651293178051,0.4398237069711559,0.13793103448276067,0.13793103448276067,13.965755963417987,29.323634975784465,42.991324630956875,34.50868022647408,5.997693194925029,False,1.2989985989522816,-6.560037726659937,-0.34874166560257464,-2.621625577133581,-0.5412644564647205,1.457882595776138,0.050962043007393626,-0.5586011722891489,-0.8465710534143638,2.5706014033137756,0.9755545927287866,0.23111269785948976,-0.7254357795904686,-0.16373138215337946,-0.5040061811848627,-1.4565989777723878,-0.07887225865076693,0.5613628440260481,-0.027796311634153373,0.048180380649115756,0.3545025144611898,-1.100047885114507,0.0,0.0,0.0,0.0,9.473725907600098,9.551078168738563,0.0,0.0,0.0,37.777160556269735,9.551078168738563,0.0,0.0,0.0,0.0,38.00473156147234,22.99804733313562,32.663430647963196,17.186409941251373,26.838571743288757,23.18307972633204,24.26546827384644,48.53093654769288,12.13273413692322,9.473725907600098,19.178148736287287,2.6228209083750453,-1.4722338170772433,2.676695453679174,0.0,0.0,0.0,0.4573503863500759,1.6308893773403654,0.10389369506541117,0.2695987411112674,0.0,1348.7393798283083,0,0,0,2,1,1,2,1,5,0.10416666666666667,0.07407407407407411,0.059704184704184704,0.04053872053872054,0.02588709677419355,0.022185471889905387,0.014307245334031049,0.009395733602082805,0.008974436392914653,0.006898400113477718,0.44946536342358456,0.9166666666666666
28,PI1051,*c1cccc(P(=O)(c2cccc(-n3c(=O)c4c(-c5cc(C(F)(F)F)cc(C(F)(F)F)c5)c5c(=O)n(*)c(=O)c5c(-c5cc(C(F)(F)F)cc(C(F)(F)F)c5)c4c3=O)c2)c2cc(C(F)(F)F)cc(C(F)(F)F)c2)c1,59.70947394571156,46.20575393972235,2.6827587032012286,1.2141212177497336,5.250978877651824,5.628466625354756,3431.910613703603,10.142352415520643,28,17,2,5,1,18,0,19.003391670058335,13.73469387755102,16.339285714285715,11.127206645898234,4.912087912087912,4.958333333333333,4.771028037383178,41.472527472527474,36.673469387755105,38.94047619047619,31.962616822429908,48.40090583680327,246.8578003193388,89.36092140121441,-223.7061561420536,-63.14150643820973,182.56487333044117,129.70512447801823,158.48633268779787,-5.95942519019441,3.81994928148775,9.836976210602593,33.40997464074387,-58.81753411423739,33.968482067383164,-35.6785412389808,-44.60632773819588,756.6813186813187,19.903634826711748,192.87404902789518,-160.50332085496916,-370.200338123415,32.73324477720078,169.27206859074988,253.87586040333295,125.65921990097814,5.5678997437239195,0.49388679425309456,1.4693916685674928,0.4175743990710954,1.0428692186933946,-0.06081046112443275,0.022737793342188988,0.045967178554217725,8.315179326168337,0.20309831455828314,1.1480598156422333,-0.7500155180138746,0.08870253003563845,0.2639041175667317,0.074996752508301,-0.0583107258651491,0.02180311100818284,0.04407760602217195,0.024425007157587247,0.13806795627716945,-0.09019835755718864,0.424343067829344,0.4228438200351832,0.6483642326131447,1.1951217494871964,0.9031959240389068,0.8973926791998719,0.5977363352323415,0.5947021406372535,1.0193305849801146,7.030582061662247,-0.003727601525164575,4.045438704423904,0.9769988362803785,15.009638338322443,-0.002851083292803765,1.2459901029338714,5,6,0,0,0,0.13043478260869565,1.8282758524338147,4.238425069221585,1.010362971081845,0.7426293514852963,0.2836676655516845,0.15974113524670974,0,0,0,0,4,6,0,2,0,0,7.152358041136889,0.0,0.0,-20.480325550152937,-5.524469094356937,0.0,0.29612396121595275,1.2635135135135136,0.6486486486486487,2.0,0.02702702702702703,0.45734189250294827,0.041498831312904334,0.05079612861020163,-2.5,0.4725274725274725,0.8924465946187999,1.955717620635215,3.323104265041658,4.144334823273441,5.122319914543581,0.30051925863713225,0.5106344697041941,0.6368263063609682,0.7871053402489029,0.8213240904222524,0.5989907129463559,0.7403412582210993,0.7725269788135678,4.552077019563481,3.1846903751570386,2.363459816925255,1.385474725655115,1.1627861266826924,0.7530695056371499,22.807172601835966,39.16893321650564,49.032733451427596,116.08373495137447,11.616715061229643,False,-1.3568897460939726,-6.875934723588392,-2.693503857953107,-4.907377911012093,1.713201681129205,0.25322291085915505,2.317374561764633,-1.229681275439448,-2.2779335314341402,3.48000521308835,2.104098907639714,-1.02381627757442,-0.7555836373821392,-0.47240286538781084,-0.5747945980609506,-2.1587113036726677,0.47402276605968563,0.7299479351771059,-0.5504696830617739,0.3608258793847788,0.028517880430098314,-1.0392267915944333,0.0,0.0,0.0,0.0,83.5925191430781,9.551078168738563,0.0,37.05779110466085,0.0,44.21705433738636,9.551078168738563,41.62283938959218,0.0,33.380708950181976,0.0,49.48608909933073,0.0,47.031669127022624,17.11671265787043,24.26546827384644,18.19910120538483,0.0,0.0,0.0,0.0,88.61654522629041,-7.785862319994943,-25.693780336219394,0.0,-33.716740052354886,0.0,-5.135401186569386,0.6732873105959247,1.3414088313705643,0.05931958201826864,0.12202049590262332,0.4119377243323875,18227.680430121818,0,0,0,1,0,1,1,0,6,0.07407407407407407,0.09121061359867334,0.06273148148148149,0.04153116531165313,0.03964225589225588,0.020756675042389323,0.018583637583473755,0.016973921237609088,0.010082470463294836,0.00916453473505475,0.6316644096668732,0.8888888888888888
29,PI1052,*c1cccc(P(=O)(c2ccc(C(F)(F)F)cc2)c2cccc(-n3c(=O)c4c(-c5cc(C(F)(F)F)cc(C(F)(F)F)c5)c5c(=O)n(*)c(=O)c5c(-c5cc(C(F)(F)F)cc(C(F)(F)F)c5)c4c3=O)c2)c1,56.46590050999033,43.04993872908142,2.682670692063706,1.2294451866719587,5.1971738280513335,5.574119023240021,3376.953292185696,10.070639338189084,25,18,2,5,1,15,0,17.71941638608305,13.052631578947368,15.314814814814815,10.635149572649574,4.818181818181818,4.938271604938271,4.663461538461538,39.72727272727273,35.810526315789474,37.51234567901235,30.990384615384617,47.51617181920213,229.72298745026018,102.15008672584429,-184.58443016018776,-75.71166207529845,112.78247117641055,311.97541067238035,478.18569533721046,-1.1673553719008307,3.789256198347106,1.6115702479338765,23.61570247933884,-25.09917355371902,26.902892561983467,-24.650826446281002,-51.54958677685951,745.2727272727273,25.853305785123975,177.06611570247935,-123.82644628099175,-417.49173553719015,-186.5785123966942,195.77066115702485,414.4194214876033,539.8471074380166,5.504744413835323,0.5001702296758119,1.4180431324090135,0.4911061861819437,0.9979338842975206,-0.01228795128316664,0.02339047036016732,0.007747933884297483,8.46900826446281,0.27214006089604187,1.0930007142128355,-0.5953194532739988,0.09086166260847851,0.2576038096964105,0.08921507508098364,-0.012313392176092453,0.023438897835033095,0.007763975155279465,0.03213363978377269,0.12905887916053,-0.07029388030851803,0.42369288051367293,0.43172705728136945,0.6335468266129722,1.1366786531546258,0.9172992868645043,0.9573429288103202,0.6039541094747115,0.6135834846800936,1.0141421688216639,7.0272872359617065,-0.0037275764272237154,4.045102515601914,0.976999001535692,15.009637618173922,-0.002851078369528003,1.2226641419464999,5,5,0,0,0,0.1111111111111111,1.5396007178390019,3.8054123673293656,0.8660254037844386,0.7369189788844119,0.2809215247005979,0.16017206238109932,0,0,0,0,4,5,0,2,0,0,12.808690803096425,0.0,0.0,-14.654627325138595,-5.029412651881663,0.0,0.5627280765360803,1.2964285714285715,0.6464285714285715,2.0,0.02857142857142857,0.46054469042422325,0.03822978903824951,0.04805836046682093,0.25,0.48863636363636365,0.9000829871343204,1.9548289053490975,3.315172215943114,4.213565966238133,5.275192988994518,0.30263172067784727,0.5132297099295702,0.6523121870476648,0.8166651960172604,0.8476446323918944,0.6122017277401615,0.7664487248810082,0.7955232460221893,4.5046027132882,3.1442594026941832,2.2458656523991642,1.1842386296427794,0.9841290787969061,0.7247095171683791,22.453458221728507,38.72851043222839,49.519117767021854,97.49532779003448,10.72,False,3.088399504468703,-5.415106952946099,-2.4054197735224436,-4.711380223261797,1.6136602028131362,1.5108147741552078,0.41561096747639925,-1.2958485232074786,-2.4996266221214793,2.725356345155925,1.9723598581646444,-1.3349601661675619,0.14442188778997717,-1.3628866232524917,-1.217914382237008,-2.1647363598537224,0.203548953385843,0.6710033799968453,-0.3102597029926946,-0.15175583479506763,0.286152428534017,-1.2968632616219185,0.0,0.0,0.0,0.0,70.42127400005364,9.551078168738563,0.0,30.881492587217373,0.0,44.21705433738636,9.551078168738563,35.4465408721487,0.0,27.817257458484978,0.0,49.48608909933073,0.0,56.87892174727774,17.11671265787043,36.39820241076966,24.26546827384644,6.06636706846161,0.0,0.0,0.0,75.44530008326595,-5.494074962931612,-21.40298609303647,0.0,-27.240236583604442,0.0,-4.381926759761616,0.6389971237895279,1.3838886915892021,0.06270798267067308,0.12896055889911512,0.362813353000272,17164.063567863068,0,0,0,1,0,1,1,0,6,0.07792207792207792,0.09171075837742507,0.06318466353677621,0.040303030303030306,0.035552434456928836,0.02154923454701397,0.01952043380166137,0.016852019024214918,0.010224652334326664,0.008613132097980584,0.6062116571806566,1.0
