"Note: 1) 104 polymers sorted by calculated thermal conductivity; 2) All data was generated using the RadonPy Toolkit, more details can be found in the RandonPy associated literature (Y. Hayashi, J. Shiomi, J. Morikawa, R. Yoshida, npj Comput Mater 2022, 8, 1–15.). 3) If you want to use the following data, please cite the references of our work and the RandonPy.",,,,,,,,,,,,,,,,,,,,,,,,,,,,,,,,,,
ID,SMILES,thermal_conductivity,TC_ke,TC_pe,TC_pair,TC_bond,TC_angle,TC_dihed,TC_improper,TC_kspace,TC_fix,density,Rg,self-diffusion,Cp,Cv,compressibility,isentropic_compressibility,bulk_modulus,isentropic_bulk_modulus,volume_expansion,linear_expansion,r2,static_dielectric_const,nematic_order_parameter,qm_polarizability,qm_polarizability_xx,qm_polarizability_yy,qm_polarizability_zz,qm_polarizability_xy,qm_polarizability_xz,qm_polarizability_yz,MW,Refractive_index
AP1,[*]C#CC=C[*],1.07244839,0.019432165,0.016851946,0.066421501,0.608453334,0.29270679,0.068116669,0,0.000465984,0,0.968367928,119.7272027,8.28E-13,2937.113523,2745.197435,5.32E-10,4.97E-10,1880490128,2011910507,0.000573715,1.91E-04,1084.783845,1.03002789,0.088460824,7.318059072,10.13306173,5.709027509,6.112087981,-2.435517825,1.172097068,-0.226326626,50.06,1.632888998
AP2,[*]c1ccc2cc(-c3nc4cc5nc([*])[nH]c5cc4[nH]3)ccc2c1,0.974000513,0.019765622,-0.018415298,0.063067229,0.426708714,0.308584641,0.156029391,0.002543968,0.015716246,0,1.198871282,79.44397483,1.02E-12,2985.160398,2981.509363,3.58E-10,3.58E-10,2794860124,2798822204,0.0000325,1.08E-05,537.1226678,1.445899869,0.083878459,39.70615656,67.37624827,33.96892653,17.77329487,-0.232610395,-2.846749804,-1.120377894,282.32,1.79454937
AP3,[*]C=Cc1ccc(C=Cc2nc3cc4nc([*])[nH]c4cc3[nH]2)cc1,0.892835967,0.041432345,-0.012209836,0.070374478,0.366233276,0.245638326,0.188376865,0.002042843,-0.009052331,0,1.081761598,84.30811631,3.75E-12,4438.61246,3452.459846,1.68E-09,1.30E-09,597320753.8,767908115.4,-0.002447388,-8.16E-04,629.132325,1.628784912,0.116898,46.52127028,87.50634238,33.36595542,18.69151305,-0.191218575,-2.161943428,-1.651566205,284.34,1.849238735
AP4,[*]c1ccc(-c2ccc(-c3ccc(-n4c(=O)c5cc6c(=O)n([*])c(=O)c6cc5c4=O)cc3)cc2)cc1,0.809927871,0.024644864,0.004096559,0.089684215,0.346730631,0.171268259,0.171941773,0.001624764,-6.32E-05,0,1.134605678,76.32546416,7.68E-13,2630.868468,2569.365285,4.20E-10,4.10E-10,2394842963,2451126980,0.000311313,1.04E-04,401.0133927,1.189750431,0.06391648,56.52674793,92.25479213,33.43964469,43.88580697,-0.968173937,-3.305506161,-8.847169656,442.44,1.652079466
AP5,[*]c1ccc(-c2nc3cc4nc([*])[nH]c4cc3[nH]2)cc1,0.800303643,0.015484201,-0.039677901,0.040180739,0.344126455,0.280622553,0.152467481,0.00162473,0.005475386,0,1.235937903,78.96764951,6.60E-14,2532.869926,2513.477599,2.38E-10,2.37E-10,4193553041,4225900185,0.000137944,4.60E-05,529.851412,1.543764057,0.053793526,30.74640105,50.63851503,16.03307054,25.56761757,2.139883967,0.202094932,3.960991858,232.26,1.763037187
AP6,[*]c1ccc(-c2ccc(-c3nc4cc5nc([*])oc5cc4o3)cc2)cc1,0.728755314,0.006690757,-0.00037361,0.050317728,0.233376426,0.256706475,0.173775131,0.002382396,0.005880011,0,1.167443753,65.9571242,8.60E-13,2547.434921,2538.757896,4.31E-10,4.30E-10,2319304435,2327236018,0.000120319,4.01E-05,267.3880419,1.095173627,0.091094592,41.48031156,71.08503043,28.54611648,24.80978778,0.384590704,-1.922483508,6.063823227,310.32,1.716863056
AP7,[*]c1ccc(-n2c(=O)c3cc4c(=O)n([*])c(=O)c4cc3c2=O)cc1,0.725028613,0.033803733,-0.024633689,0.068864742,0.29777743,0.198695975,0.145482783,0.000310875,0.004726765,0,1.292978014,70.87732319,5.68E-13,2594.884079,2460.604691,4.06E-10,3.84E-10,2534183872,2670175535,0.000483157,1.61E-04,432.4720049,1.313625168,0.070470922,31.68819476,46.28102988,17.48967057,31.29388382,1.165237045,0.044699414,2.17492708,290.24,1.63067535
AP8,[*]c1ccc(-c2ccc(-n3c(=O)c4cc5c(=O)n([*])c(=O)c5cc4c3=O)cc2)cc1,0.676547862,0.017717914,-0.003475431,0.079606116,0.31856596,0.149973998,0.101741342,0.000590679,0.011827282,0,1.23077323,76.19899992,7.74E-13,2450.394866,2448.933418,4.84E-10,4.83E-10,2067515037,2068755943,0.0000479,1.60E-05,542.9684229,1.254171104,0.100698102,43.83778919,68.33417587,41.09256874,22.08662296,-2.732284269,0.264580246,1.459093488,366.34,1.66535863
AP9,[*]c1ccc2[nH]c([*])nc2c1,0.618599103,0.012775702,-0.015703664,0.060467226,0.263455335,0.216168533,0.070507215,0.001495177,0.00943358,0,1.278170039,36.26642305,1.88E-13,2662.280726,2635.869371,2.41E-10,2.39E-10,4151946635,4193475446,0.000164053,5.47E-05,96.46236633,1.44226486,0.08527084,13.76198437,17.70141831,11.4972749,12.0872599,-0.922884698,-1.609395747,3.789981333,116.13,1.689695183
AP10,[*]c1ccc(-c2nc3cc4nc([*])oc4cc3o2)c(O)c1,0.618033485,0.011369389,-0.010719011,0.065938931,0.226240887,0.194467862,0.123345484,0.001378175,0.006011769,0,1.256047802,72.3842399,1.20E-12,2453.726379,2423.597458,6.91E-10,6.83E-10,1456255018,1473046771,-0.000279673,-9.32E-05,395.3559422,1.346606393,0.091429498,29.59212442,47.06023458,26.98750953,14.72862916,-3.571929172,4.924911857,-1.671124806,250.22,1.672663672
AP11,[*]NC(=O)C=CC(=O)Nc1nc([*])nc(N)n1,0.606226809,-0.149835231,3.518952547,-0.017085584,-0.929836749,-1.331086847,-0.368337441,-0.012134216,-0.104409671,0,1.518443115,22.8205834,1.27E-13,2765.508777,2670.319582,1.43E-10,1.38E-10,7012699129,7263855607,0.000258066,8.60E-05,35.61734821,2.202354778,0.042049015,21.12526986,30.9634196,20.12006121,12.29232876,0.48877473,-2.026534376,-2.973021884,206.19,1.713995273
AP12,[*]Nc1ccc(C#Cc2ccc(NC(=O)c3ccc(C([*])=O)cc3)cc2)cc1,0.587694282,0.005609108,-0.031557245,0.064005223,0.303794074,0.157260358,0.09081498,0.003569109,-0.005801325,0,1.174151578,54.0681256,5.16E-13,2726.004754,2704.231213,2.37E-10,2.36E-10,4210862395,4244883833,0.000141241,4.71E-05,230.9287491,1.703942903,0.107088765,48.44045958,82.10740837,28.07787744,35.13609293,-4.77931586,8.178593166,3.057455476,338.38,1.79118553
AP13,*c1ccc(N2C(=O)c3cc4cc5c(cc4cc3C2=O)Cc2cc3cc4c(cc3cc2C5)C(=O)N(*)C4=O)nc1,0.582083198,0.011932072,0.005677053,0.053095497,0.237644125,0.151447781,0.120420809,0.001290405,0.000575456,0,1.181870163,57.78951592,7.52E-13,2504.877617,2489.901477,4.99E-10,4.96E-10,2.01E+09,2.02E+09,0.000166817,5.56E-05,249.6002887,1.277752523,0.143670324,64.79809468,102.7280718,46.02091152,45.64530073,2.395862611,5.537471024,-8.052404354,493.49,1.711687523
AP14,*C=CC=CN1C(=O)c2cc3c(cc2C1=O)Oc1cc2c(cc1C3)C(=O)N(*)C2=O,0.579938204,-0.006410828,-0.002643047,0.035518208,0.273102216,0.15051228,0.126833811,0.000409148,0.002616416,0,1.261613783,65.51506077,1.62E-13,2486.460786,2477.758145,2.68E-10,2.67E-10,3.73E+09,3.74E+09,0.0000979,3.26E-05,351.8638961,1.295019505,0.0841538,44.93189505,72.57248797,28.53173157,33.69146561,-0.472650777,-3.152071499,9.653017382,370.33,1.699122034
AP15,[*]c1ccc2c(c1)Cc1cc(-n3c(=O)c4cc5c(=O)n([*])c(=O)c5cc4c3=O)ccc1-2,0.566191419,0.020642449,-0.003112003,0.071158579,0.258506555,0.094267207,0.119471594,0.001248057,0.004008983,0,1.199060316,55.98265226,1.13E-13,2496.422367,2487.567345,3.29E-10,3.27E-10,3042969900,3053801261,0.000107717,3.59E-05,269.9774056,1.232585959,0.057095785,45.61866993,71.62454606,34.04534685,31.18611687,-0.57553489,-0.584109901,-8.438194255,378.35,1.649890577
AP16,*c1ccc(N2C(=O)c3cc4cc5c(cc4cc3C2=O)Cc2cc3cc4c(cc3cc2C5)C(=O)N(*)C4=O)cc1,0.563553989,0.009521106,0.003396608,0.05180026,0.245339445,0.147525803,0.107089736,0.000542845,-0.001661815,0,1.092644059,57.8128235,5.14E-13,2586.468474,2563.243198,6.42E-10,6.36E-10,1.62E+09,1.63E+09,0.00023201,7.73E-05,309.7002953,1.241123829,0.094093435,65.71296443,104.1471417,38.16704205,54.82470953,-0.788008876,-2.695670229,1.588592034,492.5,1.656811499
AP17,[*]c1ccc2cc(-c3nc4ccc(-c5ccc6nc([*])[nH]c6c5)cc4[nH]3)ccc2c1,0.552997618,0.009441106,0.0000837,0.04499393,0.246030967,0.138155423,0.108013814,0.002501607,0.003777085,0,1.200927072,46.85726214,1.36E-12,3348.590872,2721.766733,1.27E-09,1.03E-09,787215837.8,968555658.3,0.001780801,5.94E-04,141.6934596,1.208179762,0.069920693,51.8543793,84.2180584,33.26318644,38.08189306,1.600997396,0.409789,8.918347507,358.42,1.82776286
AP18,[*]c1nc2cc3nc(-c4ccc([*])o4)[nH]c3cc2[nH]1,0.546994914,0.031646744,0.01171003,0.039479972,0.171529986,0.156820038,0.140020442,0.00024495,-0.004457248,0,1.238324153,37.28475586,5.16E-14,2412.973837,2399.25977,2.85E-10,2.84E-10,3504403427,3524409120,0.000126929,4.23E-05,69.97011518,1.324319707,0.055170111,27.69980783,45.75973799,17.27418164,20.06550386,-2.423494681,-3.391696703,-4.790439105,222.22,1.706749741
AP19,[*]Nc1ccc(NC(=O)c2ccc(C([*])=O)cc2)cc1,0.545133326,0.003300753,-0.011588249,0.063919525,0.256134819,0.129694129,0.097765866,0.003734233,0.00217225,0,1.255630934,43.84088879,7.05E-13,3020.14553,3009.600188,2.33E-10,2.32E-10,4293467559,4308345196,9.01E-05,3.00E-05,94.88862407,1.882128084,0.096102558,29.69229161,46.266106,20.15785445,22.65291438,-1.705796165,0.674580403,-5.350277439,238.26,1.719424549
AP20,[*]c1ccc(-c2ccc(-c3nc4ccc(-c5ccc6nc([*])oc6c5)cc4o3)cc2)cc1,0.542376563,0.009568583,0.011502546,0.057403875,0.197888579,0.151409422,0.109010626,0.001281469,0.004311464,0,1.159624341,46.46331474,1.89E-12,3095.228296,2986.399661,5.48E-10,5.27E-10,1902099923,1964677673,0.000471994,1.57E-04,160.4826832,1.063950762,0.073436774,54.06733405,92.14203827,41.06316506,28.99679882,0.066309746,2.885673269,-2.378187638,386.42,1.75460616
AP21,*C=CC=CN1C(=O)c2cc3cc4c(cc3cc2C1=O)Cc1cc2cc3c(cc2cc1C4)C(=O)N(*)C3=O,0.533265964,0.001762232,-0.005960136,0.043837932,0.255377369,0.144270539,0.094798805,0.000837043,-0.001657821,0,1.198821369,52.4481864,4.68E-13,2545.072173,2530.511121,3.69E-10,3.67E-10,2.72E+09,2.73E+09,0.000146391,4.88E-05,187.7012253,1.248959129,0.043256612,65.13749955,106.0380155,51.85018062,37.52430252,-2.738368554,2.539383232,5.874451705,468.48,1.782301879
AP22,[*]Nc1ccc(C([*])=O)cc1,0.526797956,0.016838373,-0.015764216,0.079604161,0.209717791,0.148544974,0.082746424,0.005627048,-0.000516599,0,1.243909565,45.98744499,6.35E-13,2864.418059,2847.327677,3.94E-10,3.91E-10,2542188521,2557395241,-0.000166396,-5.55E-05,187.0366197,1.827607956,0.115385782,14.55701898,21.21084211,13.89931972,8.560895123,-0.356466544,-1.322708645,1.617489277,119.13,1.692803163
AP23,[*]c1ccc([*])[nH]1,0.51664688,0.030732967,0.022438007,0.052810068,0.191494125,0.098347241,0.10920718,0.000169477,0.011447815,0,1.160249732,32.2269974,1.39E-12,3138.445382,3075.830232,4.76E-10,4.66E-10,2113223622,2155283425,0.000335931,1.12E-04,36.2174916,1.088356308,0.077464175,7.791630098,9.015039816,8.7810772,5.578773278,-0.00347633,0.09978604,0.036331351,65.08,1.618107109
AP24,[*]NNC(=O)C([*])=O,0.503831948,0.015868689,0.008805443,0.096275657,0.145253671,0.165055566,0.041509752,0.014491061,0.016572109,0,1.5616296,29.97987869,1.98E-13,2586.063332,2484.980652,1.49E-10,1.43E-10,6729548517,7003285024,0.000279114,9.30E-05,54.76279406,2.6479822,0.057834128,6.983048238,8.176551092,6.461807857,6.310785765,0.097152119,-0.153275605,1.706709074,86.06,1.552234159
AP25,*c1ccc(-c2ccc(N3C(=O)c4cc5cc6c(cc5cc4C3=O)Cc3cc4cc5c(cc4cc3C6)C(=O)N(*)C5=O)cc2)cc1,0.502077678,0.005720017,-0.003056197,0.061889897,0.193622166,0.136353408,0.103475366,0.001082278,0.002990743,0,1.148825081,65.16399053,4.96E-13,2665.955793,2636.196229,3.90E-10,3.86E-10,2.57E+09,2.59E+09,0.000210219,7.01E-05,416.3102952,1.217576718,0.08347664,78.55379436,127.4586645,61.67931451,46.52340404,-0.362947929,0.757206844,-6.56834411,568.6,1.732923909
AP26,*C=CN1C(=O)c2cc3cc4c(cc3cc2C1=O)Cc1cc2cc3c(cc2cc1C4)C(=O)N(*)C3=O,0.493904726,0.005052085,-0.005677921,0.029746043,0.227892446,0.099353745,0.130085771,0.000967067,0.00648549,0,1.185299819,54.50102178,4.94E-14,2488.107109,2477.313042,3.29E-10,3.28E-10,3.04E+09,3.05E+09,0.000118362,3.95E-05,207.8890855,1.224797259,0.072197977,58.61546737,77.64212792,37.14870644,61.05556776,-9.986195045,-17.95739339,11.22043851,442.44,1.722749392
AP27,[*]NC(=O)c1ccc(C(=O)Nc2cnc([*])nc2)cc1,0.49063158,0.017173474,-0.018116681,0.089068754,0.190496947,0.137514297,0.066524179,0.005468159,0.002502451,0,1.333684106,38.02744641,3.48E-13,2948.616453,2913.632643,2.26E-10,2.23E-10,4433225306,4484830755,-0.000182308,-6.08E-05,75.56041922,1.867529828,0.083626931,26.98967388,40.84754787,14.74936119,25.3721126,1.221110375,0.065527892,0.757682408,240.24,1.680129158
AP28,*c1ccc(N2C(=O)c3cc4cc5c(cc4cc3C2=O)Cc2cc3cc4c(cc3cc2C5)C(=O)N(*)C4=O)c2cccnc12,0.484839597,0.009956525,0.003307114,0.054411586,0.199819379,0.134342332,0.08261157,0.000536093,-0.000145002,0,1.141293498,55.07336848,3.00E-14,2555.378582,2538.146532,3.72E-10,3.70E-10,2.69E+09,2.71E+09,0.000156043,5.20E-05,267.6200945,1.179938337,0.112655844,72.11896063,108.3984189,47.82113133,60.13733166,-7.232958403,-2.213034579,1.354205996,543.55,1.689453935
AP29,[*]Nc1ccc(NC(=O)C=CC([*])=O)cc1,0.478692774,0.028202971,-0.114022357,0.083652406,0.212356685,0.171128942,0.088931946,0.002946852,0.005495328,0,1.237497121,45.0088947,3.79E-13,2957.841882,2831.731738,3.58E-10,3.42E-10,2852988467,2971918454,0.000424653,1.42E-04,146.7485683,1.456412951,0.041655696,23.14392693,36.96830196,19.25856296,13.20491586,-1.787478095,2.122807882,2.998153198,188.2,1.693877451
AP30,[*]c1ccc(-c2nc3cc(-n4c(=O)c5cc6c(=O)n([*])c(=O)c6cc5c4=O)ccc3[nH]2)cc1,0.471917368,0.004447791,-0.004837438,0.055870743,0.166796781,0.152053287,0.091074896,0.001041297,0.005470011,0,1.27839542,52.39961135,8.20E-13,2738.365966,2609.82939,3.69E-10,3.51E-10,2715669384,2849429931,0.000448135,1.49E-04,178.2622462,1.331059283,0.156093312,49.00198662,77.38874175,29.30205623,40.31516188,-3.06016084,2.451069127,7.614812789,406.37,1.70554507
AP31,[*]CNC(=O)N[*],0.469595975,0.053807541,-0.238816572,0.266892342,0.118816751,0.227074285,0.005631085,0.006737694,0.029452849,0,1.43581596,20.95943629,5.86E-13,3596.914959,3355.811335,2.63E-10,2.45E-10,3878585131,4128383666,-0.000530181,-1.77E-04,26.65351854,3.685188187,0.02061883,6.790866104,8.015603327,5.738003869,6.618991118,0.045645143,0.086776645,0.885814009,72.08,1.598108078
AP32,[*]c1ccc(NC(=O)c2ccc(C(=O)Nc3ccc(-n4c(=O)c5cc6c(=O)n([*])c(=O)c6cc5c4=O)cc3)cc2)cc1,0.468359745,0.017311177,-0.037003565,0.079525408,0.17788216,0.143564224,0.08683161,0.003168217,-0.002919486,0,1.303691127,55.59660849,3.65E-13,2485.307789,2480.003181,2.02E-10,2.01E-10,4962750285,4973385324,0.0000676,2.25E-05,277.2542926,1.48588683,0.104453395,64.18734152,104.9695035,43.61513717,43.97738393,-0.164429773,0.994595054,11.47965172,528.5,1.730631604
AP33,[*]NNC(=O)C=CC(=O)Nc1ccc(NC(=O)C=CC([*])=O)cc1,0.460176432,0.019527772,-0.058265412,0.089351287,0.156611317,0.140126493,0.099053491,0.004444872,0.009326612,0,1.273935505,41.34740001,2.72E-13,2810.56614,2798.188944,2.01E-10,2.00E-10,5003872967,5024347963,-4.47E-05,-1.49E-05,135.6379433,1.747850874,0.133895746,36.31831916,62.62424995,22.48553511,23.84517241,1.31739659,-1.126713278,-6.000312166,300.3,1.705040539
AP34,[*]Nc1nnc(Nc2n[nH]c([*])n2)[nH]1,0.451105594,0.033442457,-0.43450657,0.230917753,0.195336973,0.340317211,0.013833648,0.004088053,0.067676068,0,1.677403356,23.17864245,2.27E-13,3426.442077,3413.742489,8.82E-11,8.79E-11,11353522233,11390279556,0.0000549,1.83E-05,29.08466994,2.068434139,0.020590432,15.51604209,21.38457991,11.99934344,13.16420291,-1.189411758,0.52188977,3.267181177,164.16,1.731897137
AP35,*c1ccc(N2C(=O)c3cc4cc5c(cc4cc3C2=O)Cc2cc3cc4c(cc3cc2C5)C(=O)N(*)C4=O)c2c1CC2,0.43206862,0.008776696,0.005046364,0.050866969,0.181074578,0.112301551,0.072489694,0.000403538,0.001109229,0,1.144609344,53.78628566,1.15E-13,2583.814238,2578.016567,3.61E-10,3.60E-10,2.77E+09,2.78E+09,0.000089,2.97E-05,243.2039533,1.21219065,0.084531136,69.07666295,106.2050997,58.18919649,42.8356927,2.097184955,7.575526828,3.393851813,518.54,1.695622285
AP36,[*]NNC(=O)c1ccc(-c2ccc(C(=O)NNC(=O)c3cccc(C([*])=O)c3)cc2)cc1,0.419436488,0.015950389,0.025197541,0.056552818,0.14103504,0.107702434,0.072611865,0.005274374,-0.004887974,0,1.24104142,29.33126222,5.63E-13,2713.468744,2711.541699,4.38E-10,4.38E-10,2316954376,2318630795,-0.0000256,-8.53E-06,38.34993512,1.76028325,0.075032541,48.76178323,75.77221009,42.92435016,27.58878944,3.258662813,0.478207754,-1.159440448,400.42,1.687704235
AP37,[*]c1ccc(Nc2ccc(-n3c(=O)c4cc5c(=O)n([*])c(=O)c5cc4c3=O)cc2)cc1,0.418895032,0.009859846,-0.020249051,0.063478005,0.178439642,0.112810242,0.072550638,0.000847133,0.001158578,0,1.283052716,30.35780983,3.08E-13,2447.434737,2412.435515,2.75E-10,2.71E-10,3634931811,3687671303,0.00020277,6.76E-05,40.17532017,1.304419062,0.076327435,45.93506994,71.10143218,24.58362384,42.1201538,-0.897481481,-1.809923428,-3.958804017,381.36,1.70786204
AP38,[*]C(=O)NNC(=O)c1ccc([*])nc1,0.415152077,0.02084086,-0.017010017,0.084022251,0.157538762,0.122414488,0.034900712,0.004780552,0.007664469,0,1.340660947,45.38151539,2.54E-13,2565.099764,2465.27802,2.47E-10,2.38E-10,4043166602,4207039440,0.000331705,1.11E-04,106.8652573,1.794132133,0.091174801,16.79214896,22.87984085,13.9919006,13.50470543,-1.656191764,-1.282454032,-3.242911923,163.15,1.61300456
AP39,[*]c1ccc(-c2nc3cc(-c4ccc5oc([*])nc5c4)ccc3o2)cc1,0.410311265,0.008944684,0.007183495,0.040406327,0.16995415,0.120872493,0.065939366,0.000266857,-0.003256107,0,1.203043679,40.85645989,2.72E-12,2815.999184,2803.035909,9.52E-10,9.48E-10,1055439457,1060281188,-0.000207041,-6.90E-05,100.8618153,1.123961459,0.084133671,40.25944883,65.99103562,22.16192943,32.62538144,-3.125120215,2.030151081,3.292908145,310.32,1.717016534
AP40,*c1ccc(N2C(=O)c3cc4cc5c(cc4cc3C2=O)Cc2cc3cc4c(cc3cc2C5)C(=O)N(*)C4=O)c(C)c1,0.409814192,0.001902368,0.001182717,0.046731377,0.192751854,0.094990912,0.075809337,0.000321755,-0.003876129,0,1.155438623,54.83240442,-4.33E-14,2641.167456,2619.626249,3.01E-10,2.99E-10,3.32E+09,3.35E+09,0.000157757,5.26E-05,255.3748151,1.202602685,0.154706412,67.20089356,104.4704212,55.23858068,41.89367876,4.237438504,-5.481489155,-0.403466611,506.53,1.700424373
AP41,[*]Nc1ccc([*])nc1,0.397554332,0.015360012,-0.012595205,0.088481695,0.138607038,0.107437109,0.058787867,0.000464522,0.001011296,0,1.270538294,24.36680537,5.87E-13,3149.857128,3029.890586,1.69E-10,1.63E-10,5904420727,6138392464,0.000293038,9.77E-05,31.59530875,1.408872401,0.022331907,10.8966968,14.18018071,11.75344987,6.756459819,-0.425662574,0.442343662,0.293060395,92.11,1.682888656
AP42,[*]c1ccc(NC(=O)c2ccc(C(=O)Nc3ccc(-c4nc5ccc(-c6ccc7nc([*])[nH]c7c6)cc5[nH]4)cc3)cc2)cc1,0.391532567,0.008615582,-0.009284121,0.049030514,0.166243325,0.0953041,0.082476269,0.003022494,-0.003875596,0,1.247370849,42.40388255,6.84E-13,2934.300432,2904.309451,3.40E-10,3.36E-10,2948928554,2979303725,-0.000205849,-6.86E-05,112.7064003,72.72847376,0.139297763,76.5645679,129.8503656,58.83468226,41.00865589,-2.862302043,-6.766851385,-9.924732002,546.62,1.834170706
AP43,[*]c1ccc2ccc(-c3nc4cc(-c5ccc6[nH]c([*])nc6c5)ccc4[nH]3)cc2c1,0.39148022,0.015578856,-0.00056933,0.062249283,0.1591686,0.093976501,0.060534429,0.000685949,-0.000144069,0,1.197502837,29.01808851,8.66E-14,2652.981113,2633.958867,3.04E-10,3.02E-10,3290064003,3313808135,0.000151597,5.05E-05,43.63931837,1.265966593,0.120669893,51.49359762,86.64241815,28.45955894,39.37881578,-0.389807801,-2.074834652,7.760505869,358.42,1.816654843
AP44,[*]C(=O)NNC(=O)c1cnc([*])cn1,0.386491361,0.023297221,0.025907718,0.078279963,0.100883828,0.115849533,0.032774813,0.001730974,0.007767311,0,1.367775251,39.96080412,2.54E-13,2360.531061,2316.153807,1.92E-10,1.88E-10,5217158560,5317148752,0.000196775,6.56E-05,77.37225148,2.30214456,0.092244653,16.28364986,22.30768596,14.24230429,12.30095934,0.408522915,1.494838888,4.361744258,164.14,1.600395707
AP45,[*]Nc1ccc(-c2ccc(NC3=CC(=O)C([*])=CC3=O)cc2)cc1,0.379167869,0.012825809,0.002539722,0.079233329,0.123375818,0.081387806,0.07681708,0.001766985,0.00122132,0,1.191355835,26.79595971,1.14E-12,2974.378014,2877.410624,3.11E-10,3.01E-10,3217393957,3324343569,0.000342549,1.14E-04,40.4151058,1.165120908,0.085309366,38.48378683,61.94127275,27.21034379,26.29974395,-5.53048014,3.600501582,3.637594849,288.32,1.734769697
AP46,[*]c1ccnc(-n2c(=O)c3cc4c(=O)n([*])c(=O)c4cc3c2=O)n1,0.378951597,-0.005481991,0.067725859,0.072423969,0.080766529,0.082805736,0.073482246,0.000274467,0.006954782,0,1.342667768,28.70283263,1.88E-13,2134.721724,2117.522299,3.16E-10,3.14E-10,3161583602,3187246031,0.000155852,5.20E-05,57.07234393,1.418389444,0.01237636,29.9700098,43.57608954,20.0502247,26.28371516,-0.287427289,0.508574774,5.688060876,292.22,1.611441676
AP47,[*]c1cccc([*])n1,0.37570557,0.018242183,-0.002159793,0.057940489,0.145340824,0.071972017,0.084330988,0.000119424,-0.0000806,0,1.152895683,23.26106669,4.24E-13,2677.439618,2610.554574,3.67E-10,3.58E-10,2727447966,2797065621,0.000306682,1.02E-04,22.79710498,1.167093558,0.043460289,9.209199021,11.15129707,10.64472326,5.831576738,0.136884156,0.002688027,0.237307667,77.09,1.611561102
AP48,[*]c1ccc(Oc2ccc(-c3nc4ccc(-c5ccc6nc([*])oc6c5)cc4o3)cc2)cc1,0.370950105,0.021465677,-0.002164676,0.054980626,0.114969941,0.104412605,0.073868147,0.001012811,0.002404973,0,1.19809718,37.65772081,9.10E-13,2630.549806,2627.124856,3.82E-10,3.81E-10,2619464167,2622912243,0.0000698,2.33E-05,104.1023145,1.070637619,0.110371342,53.41705105,83.7041331,40.33403594,36.2129841,-1.391280913,1.413244623,6.377792215,402.42,1.734876306
AP49,[*]Nc1ccc(NC(=O)c2cccc(C([*])=O)c2)cc1,0.369655353,0.015052387,-0.014333404,0.075110133,0.131431566,0.098543855,0.053253643,0.004489405,0.006107767,0,1.245485498,31.11193953,4.48E-13,2701.395996,2662.619196,2.12E-10,2.09E-10,4711244216,4779784607,0.000184115,6.14E-05,33.3677122,1.877532216,0.042554418,29.14459961,41.92968556,23.32054482,22.18356846,2.993282402,-1.186680058,6.829105508,238.26,1.694876454
AP50,[*]c1cccc(-n2c(=O)c3cc4c(=O)n([*])c(=O)c4cc3c2=O)n1,0.368696227,-0.0056055,0.017629784,0.056226,0.110223605,0.111004121,0.06931638,0.00019279,0.009709047,0,1.300981575,27.34781137,2.89E-13,2258.93898,2247.535092,3.07E-10,3.05E-10,3268895667,3286069242,0.000117521,3.92E-05,32.40638358,1.500416055,0.020098886,30.83398665,44.97947952,17.00662819,30.51585223,-0.033332796,-0.184461393,-1.327270858,291.23,1.611650087
AP51,[*]c1cc(-n2c(=O)c3cc4c(=O)n([*])c(=O)c4cc3c2=O)c(O)cc1O,0.363926387,0.014531275,-0.01932875,0.05797449,0.136815923,0.102090221,0.06754338,0.000246289,0.00405356,0,1.316732597,26.773113,1.08E-12,2711.135512,2493.827784,8.17E-10,7.52E-10,1226515206,1333645007,-0.000880975,-2.94E-04,24.06335644,1.824785673,0.041326738,33.10917796,47.53897493,27.63525758,24.15330137,0.87020548,3.554630689,-4.663211991,322.24,1.598205581
AP52,[*]c1cccc(-c2nc3cc(-c4ccc5[nH]c([*])nc5c4)ccc3[nH]2)c1,0.360893777,0.002594442,0.003518608,0.044398021,0.145267589,0.090359503,0.0708659,0.001420117,0.002469598,0,1.215061478,24.98858248,3.92E-13,2657.615826,2621.694846,2.85E-10,2.82E-10,3504724117,3552367661,0.000200807,6.69E-05,35.16262452,1.288528936,0.081091335,42.26029642,67.84693279,27.33613686,31.59781962,-0.635859905,0.17869128,7.779152471,308.36,1.781279601
AP53,[*]Nc1cccc2c(NC(=O)c3ccc(C([*])=O)cc3)cccc12,0.359870781,0.015344012,-0.006085051,0.068450197,0.109060339,0.095433734,0.069529283,0.004298292,0.003839976,0,1.221544315,46.32200939,8.12E-13,2925.062789,2740.663185,3.40E-10,3.18E-10,3028883232,3217031225,0.000498985,1.66E-04,141.9002266,1.630026135,0.105881349,36.85301318,52.48129892,24.63546477,33.44227585,-1.616951307,-2.563599097,-9.627953381,288.32,1.717378632
AP54,[*]Nc1ccc(Nc2ccc(C(=O)Nc3ccc(NC(=O)c4ccc([*])cc4)cc3)cc2)cc1,0.354869343,-0.007046737,0.040906078,0.064503363,0.11270932,0.076363126,0.066417294,0.00230668,-0.001289783,0,1.215187832,29.2508564,2.14E-13,2866.411745,2848.412835,2.34E-10,2.32E-10,4291142227,4318893592,0.00012502,4.17E-05,53.61645656,1.719481684,0.060830301,56.67221471,87.4170428,40.28154279,42.31805856,-1.36993755,2.053213645,9.061691612,420.5,1.764048681
AP55,[*]c1cccc(-c2nc3cc4nc([*])[nH]c4cc3[nH]2)c1,0.353911995,0.009363819,0.003399374,0.046800687,0.136727773,0.108774731,0.052512865,0.000878116,-0.004545371,0,1.26206213,26.85564733,9.92E-13,2850.385657,2602.648982,8.79E-10,8.02E-10,1142753196,1250239046,0.000951824,3.17E-04,40.04432946,1.651998649,0.041989122,30.73952621,49.92417642,19.99943187,22.29497035,-4.637678332,-1.06178239,6.304982252,232.26,1.784511443
AP56,*c1ccc(Nc2ccc(N3C(=O)c4cc5cc6c(cc5cc4C3=O)Cc3cc4cc5c(cc4cc3C6)C(=O)N(*)C5=O)cc2)cc1,0.352281684,0.003016997,-0.000213893,0.040293213,0.154642942,0.084494683,0.064442529,0.000612295,0.004992916,0,1.180391892,38.24488331,4.61E-13,2623.342922,2610.683722,2.93E-10,2.92E-10,3.41E+09,3.43E+09,0.000120705,4.02E-05,78.60285998,6.890246007,0.059358447,80.54234901,128.3534657,65.70238055,47.57120081,1.899351655,-4.049766235,4.995067206,583.62,1.758609669
AP57,[*]c1cncc(-c2nc3cc(-c4ccc5[nH]c([*])nc5c4)ccc3[nH]2)c1,0.350326329,0.013989048,-0.04795245,0.055625922,0.133628906,0.127595282,0.067527226,0.001162805,-0.00125041,0,1.259020461,31.84572226,1.18E-12,3121.385713,3071.458385,3.33E-10,3.27E-10,3012036163,3060887317,-0.000263796,-8.79E-05,71.25105818,1.373068182,0.055811848,41.39507325,66.59704805,36.3078558,21.28031592,-1.474400958,0.588752465,1.598318444,309.35,1.793664025
AP58,[*]NC1=CC(=O)C([*])=CC1=O,0.346621437,0.007422511,0.004106818,0.091040098,0.134247371,0.064140465,0.037211628,0.001536694,0.006915852,0,1.355350934,24.62348098,2.19E-13,2545.859019,2545.319987,1.67E-10,1.67E-10,5989107132,5990373520,0.00000113,3.77E-07,43.62801274,1.32597835,0.030446182,13.02135074,14.448801,16.07440511,8.540846107,3.659527617,-3.262255421,-1.299290371,121.1,1.656504955
AP59,[*]CNC(=O)CC(=O)N[*],0.346555475,0.044810273,-0.379154446,0.206817001,0.18015271,0.193984294,0.03850467,0.016754067,0.044686906,0,1.402680426,20.08532008,5.05E-13,3077.332807,3076.622864,1.39E-10,1.39E-10,7194362850,7196052164,-8.36E-06,-2.79E-06,22.05019551,3.157383432,0.016986433,10.60090098,12.70194457,8.694034271,10.40672409,-0.251288736,-0.391256492,1.17619094,114.12,1.571253599
AP60,[*]C=C([*])CO,0.346046111,0.026701754,0.004562103,0.114255741,0.078161944,0.089236754,0.028191584,0,0.004936232,0,1.190219336,18.67267884,4.94E-13,4089.457758,3835.553309,1.79E-10,1.68E-10,5579346370,5949395762,0.000423147,1.41E-04,21.24479463,3.472306218,0.010903134,6.444069418,8.045206102,5.80152489,5.485477261,-0.507278281,-0.397951148,0.203880509,56.07,1.606418649
AP61,[*]c1ccc(C(=O)Nc2cccc(-n3c(=O)c4cc5c(=O)n([*])c(=O)c5cc4c3=O)c2)cc1,0.337220912,0.016400503,-0.027308188,0.055105972,0.127917535,0.109891814,0.052486491,0.000974801,0.001751985,0,1.317694069,32.98385051,4.72E-13,2663.06714,2655.931083,2.33E-10,2.32E-10,4298514344,4310283870,0.0000803,2.68E-05,80.32784452,1.454217444,0.091257118,46.83896232,65.05019019,30.48882304,44.97787372,-4.498185776,-0.889755615,-2.22288768,409.37,1.685580702
AP62,[*]c1nc2cc(-c3ccc4[nH]c(-c5cccc6cc7c([*])cccc7cc56)nc4c3)ccc2[nH]1,0.336385954,0.012234181,0.001768722,0.048293428,0.110073809,0.078715555,0.08496058,0.001174435,-0.000834755,0,1.153871139,38.51817108,9.43E-13,2853.153173,2835.529387,4.55E-10,4.51E-10,2222388877,2234669102,0.000148728,4.96E-05,78.62086284,1.30275987,0.064341337,58.66907964,81.25949831,60.02723362,34.72050698,-6.501466026,-1.692881002,-6.752596628,408.48,1.77627204
AP63,*c1cc(-c2ccc(N)c(N3C(=O)c4ccc(-c5ccc6c(c5)C(=O)N(*)C6=O)cc4C3=O)c2)ccc1N,0.336159954,-0.006367948,-0.006682173,0.040256608,0.162005134,0.060695402,0.084797769,0.000419175,0.001035987,0,1.2263285,23.94948328,1.05E-12,2927.441006,2786.999931,4.14E-10,3.95E-10,2.43E+09,2.54E+09,0.000466309,1.55E-04,35.92964924,1.410429768,0.054565262,59.04825133,83.18410104,59.45027752,34.51037543,0.454882629,1.612661421,-8.397170184,472.48,1.700244158
AP64,[*]c1cc(N2C(=O)c3ccc(-c4ccc5c(c4)C(=O)N([*])C5=O)cc3C2=O)c(O)cc1O,0.335597911,0.006946045,-0.016222179,0.062647832,0.106197911,0.082521003,0.090138716,0.000414932,0.00295365,0,1.265231311,24.78322402,1.96E-12,3982.160142,3953.35722,5.88E-10,5.84E-10,1708878299,1721280476,-0.000254882,-8.50E-05,26.68369787,1.813954041,0.032158309,45.62040421,70.24314543,30.15679854,36.46126865,-0.765928546,-2.194946709,4.865859952,398.34,1.651757678
AP65,*Cc1ccc(N2C(=O)c3cc4cc5c(cc4cc3C2=O)Cc2cc3cc4c(cc3cc2C5)C(=O)N(*)C4=O)cc1,0.333760815,0.024599935,0.013902697,0.043144323,0.091027366,0.081246717,0.080061658,0.00047998,-0.000701861,0,1.186524982,30.31999885,1.13E-12,2609.133083,2606.142776,4.48E-10,4.47E-10,2.26E+09,2.26E+09,0.000058,1.93E-05,46.72551095,1.229371431,0.065108969,68.1274203,108.5516223,53.61662683,42.21401175,-2.144402752,-1.926242592,-5.873797302,506.53,1.738230313
AP66,[*]NNC(=O)c1ccc2cc(C(=O)NNC(=O)c3cccc(C([*])=O)c3)ccc2c1,0.331015621,0.009085827,0.006106019,0.044621551,0.102180678,0.104147989,0.059949053,0.003781141,0.001143362,0,1.275137322,29.97491554,2.44E-13,2597.118176,2544.949444,2.60E-10,2.55E-10,3842327741,3921146604,0.000239312,7.98E-05,45.07930952,1.896854078,0.025666793,44.84796194,68.57370086,37.39313696,28.57704801,-1.186949346,1.766196931,-1.098171904,374.38,1.697239942
AP67,*c1cc(-c2ccc(N)c(N3C(=O)c4cc5cc6c(cc5cc4C3=O)Cc3cc4cc5c(cc4cc3C6)C(=O)N(*)C5=O)c2)ccc1N,0.330037238,0.008462187,-0.008202111,0.040407428,0.108420701,0.116133013,0.059216037,0.000401801,0.005198182,0,1.187570555,26.40956726,9.64E-13,2655.408052,2652.851704,6.31E-10,6.30E-10,1.59E+09,1.59E+09,0.000078,2.60E-05,26.09594113,1.324842441,0.087905763,81.21760374,115.5357134,75.29954865,52.81754917,6.646268792,5.248769505,-2.457062925,598.64,1.747611165
AP68,[*]Oc1ccc(C(=O)NNC(=O)c2ccc([*])cc2)cc1,0.326300087,0.008486647,0.006034943,0.069231392,0.122315993,0.071428145,0.037609275,0.003550929,0.007642763,0,1.238775631,32.13992033,7.97E-13,2670.4358,2669.658018,4.02E-10,4.02E-10,2495716408,2496404336,-0.0000292,-9.74E-06,51.27386999,1.514716745,0.069953021,29.40969523,43.53611112,18.73409384,25.95888073,-0.056642775,0.456469328,0.36798759,254.26,1.642596206
AP69,[*]NNC(=O)c1cccc(C(=O)NNC(=O)c2ccc(C([*])=O)cc2)c1,0.325886261,0.004432278,-0.00756024,0.063429402,0.118966437,0.076262098,0.055869768,0.004847133,0.009639386,0,1.310271156,27.97405302,3.18E-13,2842.741495,2676.474728,2.70E-10,2.54E-10,3706038139,3935536923,0.000442733,1.48E-04,47.73396985,2.053004301,0.062394748,36.52239116,51.57077119,26.3403369,31.65606541,-0.126865793,-4.613041048,5.014721827,324.32,1.666930056
AP70,[*]Nc1cccc(C#Cc2ccc(C([*])=O)cc2)c1,0.325458292,0.005377258,-0.003825399,0.045863256,0.093881817,0.115799965,0.060816397,0.003307967,0.004237031,0,1.123641704,26.90063254,6.50E-13,3029.732146,2844.441329,4.54E-10,4.26E-10,2202733264,2346124039,0.000560577,1.87E-04,39.79964228,1.44908622,0.038028712,32.57483367,43.86981282,19.82519807,34.02949011,-11.68238449,10.02047422,-5.641866952,219.25,1.783944172
AP71,*C(=C)C(=C)N1C(=O)c2cc3cc4c(cc3cc2C1=O)Cc1cc2cc3c(cc2cc1C4)C(=O)N(*)C3=O,0.323634615,0.012685195,0.007354242,0.06172239,0.1122753,0.084860405,0.045133548,0.0000206,-0.00041707,0,1.170329482,27.44644197,4.88E-13,2572.201767,2567.628272,3.38E-10,3.38E-10,2.96E+09,2.96E+09,0.0000775,2.58E-05,32.87882644,1.217692266,0.086138629,61.81383241,77.75592035,51.3698021,56.31577477,21.18032379,-10.63329693,-8.615027912,468.48,1.707119279
AP72,[*]c1ccc(Cc2ccc(-n3c(=O)c4cc5c(=O)n([*])c(=O)c5cc4c3=O)cc2)cc1,0.318064614,-0.001528266,0.003051282,0.056458494,0.110973498,0.082375746,0.06577655,0.00065698,0.00030033,0,1.230869996,30.65790613,1.16E-12,2722.851387,2604.660184,7.52E-10,7.19E-10,1344018707,1404197383,0.000601937,2.01E-04,54.44226112,1.238118672,0.029993547,44.42243047,62.87117514,36.34925731,34.04685894,-0.767820894,5.136744443,7.589586269,380.37,1.645218432
AP73,[*]Nc1cccc(NC(=O)c2ccc(C([*])=O)cc2)c1,0.316648451,0.011866623,-0.034877235,0.081198754,0.098520078,0.097294441,0.051159877,0.003020489,0.008465424,0,1.250763993,28.36417315,4.24E-13,2823.174507,2769.463972,2.28E-10,2.24E-10,4383028880,4467937621,0.000225584,7.52E-05,46.27481326,1.985360399,0.059170015,29.31967336,43.8314999,24.3130893,19.81443088,1.693972062,-0.117166415,-5.859149462,238.26,1.704126108
AP74,[*]c1ccc(NC(=O)c2cccc(C(=O)Nc3ccc(-n4c(=O)c5cc6c(=O)n([*])c(=O)c6cc5c4=O)cc3)c2)cc1,0.314502553,0.016495077,-0.006233164,0.069906534,0.095526126,0.066978555,0.072086069,0.000525481,-0.000782125,0,1.306053911,33.25349657,1.61E-13,2490.518973,2469.515421,1.96E-10,1.94E-10,5111568286,5155018983,0.000133668,4.46E-05,64.56604549,1.516765569,0.108002186,63.31705984,94.18343732,39.9453314,55.8224108,0.543999977,4.278371938,-2.305307796,528.5,1.71938617
AP75,*c1cc(-c2ccc(N)c(N3C(=O)c4ccc5c6ccc7c8c(cnc(c9ncc(c4c59)C3=O)c86)C(=O)N(*)C7=O)c2)ccc1N,0.309726371,0.011584151,-0.000963079,0.048052061,0.092258826,0.082162121,0.073873147,0.000429193,0.002329951,0,1.287041962,26.25839313,1.79E-13,2515.700497,2500.502916,2.78E-10,2.76E-10,3.62E+09,3.64E+09,0.000134144,4.47E-05,44.07504694,1.370249111,0.085037768,76.92107188,117.2995051,49.17554336,64.28816722,10.92978183,2.074148123,-3.857804138,572.56,1.822295207
AP76,*C1OC1NN1C(=O)c2cc3cc4c(cc3cc2C1=O)Cc1cc2cc3c(cc2cc1C4)C(=O)N(*)C3=O,0.309699947,-0.00219235,-0.00416051,0.028417199,0.137341891,0.085169904,0.063651772,0.000437369,0.001034671,0,1.214233371,38.79034619,2.10E-12,3292.782717,3031.209685,6.08E-10,5.59E-10,1.65E+09,1.79E+09,0.000800161,2.67E-04,104.0531319,1.247281587,0.10685454,59.61629146,94.12891365,49.82615095,34.89380978,2.532656626,3.055947862,-4.517608077,473.46,1.698064099
AP77,*C(c1ccccc1)N1C(=O)c2cc3cc4c(cc3cc2C1=O)Cc1cc2cc3c(cc2cc1C4)C(=O)N(*)C3=O,0.308498923,0.002501526,0.002126424,0.030477696,0.137228611,0.063978346,0.0730421,0.000616054,-0.001471835,0,1.141283844,25.97345486,2.24E-13,2504.358953,2500.224634,7.07E-10,7.05E-10,1.42E+09,1.42E+09,0.000104098,3.47E-05,35.37444497,1.209994074,0.083046057,66.19285316,101.0311164,39.81776063,57.72968245,-3.090666319,-3.685996328,2.989204845,506.53,1.676117368
AP78,[*]NNC(=O)c1cccc(C([*])=O)c1,0.308236427,0.014477944,0.027084045,0.104993021,0.054843893,0.0607308,0.037840319,0.003875944,0.00439046,0,1.28697588,23.07313374,3.42E-13,2767.962336,2656.599087,2.65E-10,2.54E-10,3817540147,3973816831,0.000355018,1.18E-04,38.89264605,2.040996801,0.052993048,17.42610973,22.39911308,19.80870393,10.07051217,0.189094722,-0.387660486,-0.846268178,162.16,1.614742066
AP79,*CN1C(=O)c2cc3cc4c(cc3cc2C1=O)Cc1cc2cc3c(cc2cc1C4)C(=O)N(*)C3=O,0.307791919,-0.002416481,0.000659651,0.031371744,0.132877014,0.081917339,0.061607408,0.000523783,0.001251461,0,1.213002663,31.24370122,-1.64E-14,2463.518476,2454.672071,2.83E-10,2.82E-10,3.54E+09,3.55E+09,0.000100405,3.35E-05,62.04555941,1.247812078,0.060155523,55.7313224,86.83372979,48.98898329,31.37125412,-1.174365878,1.368388033,-0.816899522,430.43,1.722907308
AP80,[*]NC(=O)Nc1ccc(Cc2ccc(NC(=O)Nc3cccc([*])n3)cc2)cc1,0.306039137,0.008300817,-0.060396572,0.081830849,0.099096034,0.103919548,0.064301693,0.003384024,0.005602745,0,1.246034644,23.64053002,2.45E-13,2914.246894,2890.257237,2.16E-10,2.14E-10,4632297946,4670841024,0.000146319,4.88E-05,28.03377039,1.568494557,0.02716619,44.22398228,65.27036534,32.76900427,34.63257724,-4.513758001,0.479100033,2.650804769,359.42,1.700568402
AP81,[*]c1ccc(Nc2cccc(-n3c(=O)c4cc5c(=O)n([*])c(=O)c5cc4c3=O)c2)cc1,0.305860229,0.016362339,-0.021826591,0.068448459,0.104058272,0.074657149,0.061063454,0.000531978,0.002565168,0,1.29483361,25.71758076,4.91E-13,2493.834019,2450.329296,4.01E-10,3.94E-10,2503646816,2547930093,0.000273846,9.13E-05,18.51525024,1.325655503,0.041799864,44.58297141,57.55701699,39.47437428,36.71752297,0.055554647,-1.83268063,12.06612871,381.36,1.68912799
AP82,*CC(C)=Cc1ccc2nc(N3C(=O)c4cc5cc6c(cc5cc4C3=O)Cc3cc4cc5c(cc4cc3C6)C(=O)N(*)C5=O)ncc2c1,0.304282307,0.008660695,-0.00233397,0.046893135,0.102774745,0.080113426,0.065392676,0.000572866,0.002208733,0,1.163035287,29.56866256,3.92E-13,2618.254626,2614.404765,6.45E-10,6.44E-10,1.55E+09,1.56E+09,0.0000979,3.26E-05,45.30228072,81.77172064,0.043686921,82.01934204,131.1321522,58.28083424,56.64503965,3.064976624,-6.82806909,6.897305178,598.64,1.736775102
AP83,[*]C(=O)Nc1cccc(NC(=O)c2ccc3[nH]c(-c4cccc(-c5nc6cc([*])ccc6[nH]5)c4)nc3c2)c1,0.301618196,0.007841408,-0.027540272,0.060040484,0.125311694,0.068664256,0.059774945,0.002068198,0.005457483,0,1.254971379,27.16178764,4.73E-14,2645.598377,2629.458875,2.03E-10,2.02E-10,4915631092,4945816448,0.000116869,3.90E-05,43.22682288,1.608554546,0.032806743,63.43882038,102.061787,57.40967794,30.84499624,-1.140366657,0.888854243,-2.281338694,470.52,1.798334789
AP84,*Nc1cc(N2C(=O)c3cc4cc5c(cc4cc3C2=O)Cc2cc3cc4c(cc3cc2C5)C(=O)N(*)C4=O)ccn1,0.294366763,0.01690537,-0.019936536,0.049387805,0.086627833,0.084836769,0.076293463,0.000725932,-0.000473872,0,1.25366278,34.47007004,3.49E-13,2565.788248,2553.218566,2.98E-10,2.97E-10,3.35E+09,3.37E+09,0.000125043,4.17E-05,72.39424871,1.281875894,0.098658264,66.78935078,104.8018263,42.32291353,53.24331251,-1.459130843,1.944257401,-7.477522359,508.51,1.769573556
AP85,[*]c1nc2cc(-c3ccc4oc(-c5cccc6cc7c([*])cccc7cc56)nc4c3)ccc2o1,0.281840087,0.003104179,0.003443167,0.032117905,0.114180304,0.068379919,0.05953104,0.000568016,0.000515557,0,1.2003889,39.96388309,6.87E-13,2778.544703,2736.240943,4.96E-10,4.88E-10,2019060579,2050142343,0.000285106,9.50E-05,92.2254738,1.101993556,0.07229591,56.99264259,78.90164933,61.90415177,30.17212667,3.413672277,0.613204089,10.13679161,410.44,1.782293588
AP86,*c1cc(-c2ccc(N)c(N3C(=O)c4ccc5c6ccc7c8c(ccc(c9ccc(c4c59)C3=O)c86)C(=O)N(*)C7=O)c2)ccc1N,0.281422706,0.01037912,-0.008286087,0.046650247,0.105301587,0.066550841,0.060336706,0.000511597,-0.0000213,0,1.200924679,22.08213638,1.82E-12,2727.548687,2661.007124,1.03E-09,1.01E-09,9.71E+08,9.95E+08,-0.000523551,-1.75E-04,23.93084823,1.296912372,0.081344535,79.64866938,124.128894,70.30092267,44.51619143,-4.624370863,4.795683369,1.106806683,570.58,1.788358657
AP87,[*]c1cccc(-c2nc3cc(-c4ccc5oc([*])nc5c4)ccc3o2)c1,0.280706431,0.008536752,0.007359111,0.039739075,0.106182083,0.080938116,0.03695075,0.000343341,0.000657203,0,1.205340345,28.33746067,9.33E-13,2650.20412,2577.306924,3.73E-10,3.63E-10,2682096699,2757978714,0.000328116,1.09E-04,46.32100086,1.111046427,0.089886638,40.26420913,66.12714755,32.99210952,21.67337031,-2.288119083,-1.506448047,-2.79816381,310.32,1.718915136
AP88,*c1ccc(C)c(N2C(=O)c3cc4cc5c(cc4cc3C2=O)Cc2cc3cc4c(cc3cc2C5)C(=O)N(*)C4=O)c1,0.279874686,0.002235096,-0.002596824,0.030175729,0.125583249,0.072077004,0.050268058,0.000310452,0.001821922,0,1.129923783,32.96540495,1.18E-12,2591.916001,2540.674346,5.64E-10,5.52E-10,1.81E+09,1.84E+09,0.000319931,1.07E-04,80.43251058,1.210934337,0.0641008,67.23827441,104.6173645,45.53233455,51.56512416,2.498010542,-5.527464067,5.854424698,506.53,1.681044117
AP89,*c1ccc2[nH]c3ccc(N4C(=O)c5ccc(-c6ccc7c(c6)C(=O)N(*)C7=O)cc5C4=O)cc3c2c1,0.277203535,0.00650239,0.003392367,0.038778061,0.082335302,0.073522229,0.072810192,0.000585688,-0.000722695,0,1.229342406,23.85740655,5.06E-13,2691.287671,2688.657934,6.17E-10,6.16E-10,1.70E+09,1.70E+09,-0.0000813,-2.71E-05,32.01019338,1.270742246,0.036673992,57.85088134,91.88877342,39.00855416,42.65531645,-1.122613822,1.462872538,-5.246172053,455.44,1.717473961
AP90,*Cc1ccc2ccc(N3C(=O)c4cc5cc6c(cc5cc4C3=O)Cc3cc4cc5c(cc4cc3C6)C(=O)N(*)C5=O)nc2c1,0.275479224,0.010158357,-0.013582405,0.037596779,0.103862552,0.073237042,0.060721131,0.000425043,0.003060725,0,1.191564919,27.28558429,9.63E-13,2571.415708,2560.147689,3.04E-10,3.02E-10,3.29E+09,3.31E+09,0.00011633,3.88E-05,34.30231237,1.236955496,0.095526236,76.05220801,123.0268138,47.77779579,57.35201444,-7.107937444,-0.418684514,7.807165255,557.58,1.756293485
AP91,*Cc1cnc(N2C(=O)c3cc4cc5c(cc4cc3C2=O)Cc2cc3cc4c(cc3cc2C5)C(=O)N(*)C4=O)c2ccccc12,0.272265252,0.007210471,0.004196829,0.04066618,0.117845067,0.063224452,0.03721312,0.000434339,0.001474795,0,1.120206001,30.95159126,4.96E-13,2613.357729,2613.022222,6.81E-10,6.81E-10,1.47E+09,1.47E+09,-0.0000186,-6.21E-06,63.93321078,1.205944892,0.055581957,74.43879162,115.3004033,49.12994447,58.88602705,3.867012129,-2.848491091,-1.996190514,557.58,1.678494667
AP92,*Nc1cc(N2C(=O)c3ccc(-c4ccc5c(c4)C(=O)N(*)C5=O)cc3C2=O)ccn1,0.272235256,0.014529534,-0.035728037,0.039330836,0.138116984,0.046739114,0.065841624,0.000489866,0.002915336,0,1.300077233,26.1009337,4.44E-13,2652.485587,2543.087697,2.70E-10,2.59E-10,3.70E+09,3.86E+09,0.000355465,1.18E-04,39.06081702,1.365702404,0.02111205,44.90786353,69.18581506,26.83090641,38.70686913,-1.738115129,-1.45223919,-2.612763901,382.35,1.696915087
AP93,[*]C(=O)NNC(=O)c1cccc([*])n1,0.271586235,0.008268346,0.000657496,0.049288894,0.092398091,0.06418502,0.050578545,0.001314328,0.004895515,0,1.292054182,22.25632078,5.79E-13,2785.500505,2609.4978,3.82E-10,3.58E-10,2618515909,2794967813,0.000537481,1.79E-04,27.61424537,1.823323448,0.039240058,16.97896628,23.03450874,14.40693901,13.4954511,-2.197398963,-0.042262924,4.563483906,163.15,1.593703297
AP94,[*]C(=O)N([*])C=C,0.265542684,0.006112503,0.008503614,0.087037921,0.08047821,0.0565152,0.021148775,0,0.005746462,0,1.20560757,19.58771576,7.09E-13,3144.549969,2871.417662,4.25E-10,3.88E-10,2357041003,2580572377,0.000681644,2.27E-04,26.20278729,1.374947887,0.039109851,7.679293584,11.02760183,6.827328822,5.1829501,-1.296945185,-0.776045171,-0.572121571,69.07,1.591407541
AP95,[*]Nc1cccc2c(NC(=O)c3cccc(C([*])=O)c3)cccc12,0.262781705,0.004126283,0.002785631,0.050800291,0.096652296,0.061619145,0.0463632,0.000994565,-0.000559707,0,1.224546813,24.97038388,2.95E-13,2857.443202,2682.416814,4.04E-10,3.78E-10,2512682201,2672736465,0.000535354,1.78E-04,36.06074354,1.662954655,0.077837899,36.21435946,49.11921126,28.83087982,30.69298731,0.883728729,-0.598109732,-11.65166649,288.32,1.703491598
AP96,[*]CC#CC#CCn1c(=O)c2cc3c(=O)n([*])c(=O)c3cc2c1=O,0.25920692,0.006768557,-0.002657383,0.047936917,0.081248992,0.089860186,0.032934206,0.0000485,0.003066968,0,1.267279778,22.08642676,6.89E-13,2288.995845,2279.52302,2.61E-10,2.60E-10,3835955596,3851904841,0.0000992,3.31E-05,19.59541976,1.349654768,0.051095302,33.39860923,46.67118873,23.38786023,30.13677872,-1.319979394,0.161608614,0.249217918,290.24,1.657041873
AP97,[*]c1nc2cc(-c3ccc4[nH]c(-c5ccccc5[*])nc4c3)ccc2[nH]1,0.255048388,0.007419196,0.004360679,0.039696124,0.083942581,0.057903479,0.058978053,0.001021943,0.001726333,0,1.189095488,20.17512681,5.26E-13,2689.100814,2633.209977,4.46E-10,4.36E-10,2245210698,2292811800,0.000313696,1.05E-04,27.80778777,1.304183561,0.062755975,42.35445029,67.63571099,36.86164766,22.56599221,1.944137751,-4.337324723,2.378259117,308.36,1.761261236
AP98,[*]c1cccc(NC(=O)c2cccc(C(=O)Nc3cccc(-n4c(=O)c5cc6c(=O)n([*])c(=O)c6cc5c4=O)c3)c2)c1,0.253845851,0.009931866,-0.017420022,0.063341748,0.073804403,0.058027089,0.063991716,0.000471985,0.001697066,0,1.302000673,23.70111544,2.46E-13,2562.009406,2551.479669,2.42E-10,2.41E-10,4138322932,4155588800,0.0001043,3.48E-05,27.84345923,1.534808291,0.082792221,61.78238238,72.67876833,41.62720651,71.0411723,-6.240755767,-4.90917239,2.011605747,528.5,1.694020249
AP99,*Cc1ccccc1N1C(=O)c2cc3cc4c(cc3cc2C1=O)Cc1cc2cc3c(cc2cc1C4)C(=O)N(*)C3=O,0.222858015,0.009553669,0.01025738,0.038395085,0.069999483,0.056287871,0.038017445,0.000235485,0.000111597,0,1.185538337,23.41842313,4.73E-13,2700.800404,2652.283916,3.93E-10,3.86E-10,2.61E+09,2.65E+09,0.000272291,9.08E-05,35.85966825,1.224122302,0.056275644,67.20297125,104.6525435,44.17242187,52.78394834,6.360543199,1.305627354,-4.764071616,506.53,1.724304024
AP100,*C(=O)n1c(=O)n(C(=O)N=C=O)c(=O)n(C(=O)N2C(=O)c3cc4c(cc3C2=O)C2(C)CCC4(C)c3cc4c(cc32)C(=O)N(*)C4=O)c1=O,0.213775957,0.001856284,0.001008893,0.050207489,0.07493122,0.061815043,0.020696726,0.000399695,0.002860607,0,1.289432807,20.59370888,2.34E-13,2485.900399,2451.673307,3.27E-10,3.23E-10,3.06E+09,3.10E+09,0.00021494,7.16E-05,26.63119948,1.40596267,0.043693811,60.81119693,76.02205764,57.86630254,48.5452306,-0.403337538,1.863438381,0.900223625,622.49,1.548300103
AP101,[*]C(C#N)=C(C#N)n1c(=O)c2cc3c(=O)n([*])c(=O)c3cc2c1=O,0.210918357,0.003106741,0.00764621,0.045776864,0.070356361,0.050592436,0.032892621,0.0000667,0.000480459,0,1.28494616,16.27215532,1.03E-12,2202.015819,2111.067806,4.15E-10,3.97E-10,2520948283,2622338273,0.000400572,1.34E-04,10.69675321,1.441238796,0.086685896,30.30103419,43.07193216,17.83907398,29.99209645,0.171849556,-1.294619494,0.459111383,290.2,1.592090146
AP102,[*]c1nc2cc(-c3ccc4[nH]c(-c5c([*])ccc6ccccc56)nc4c3)ccc2[nH]1,0.210453854,0.004415577,0.001556683,0.028510492,0.079123565,0.065663086,0.032379392,0.000258824,-0.001453765,0,1.129978594,12.79757108,-2.33E-14,2688.116063,2684.662502,4.40E-10,4.39E-10,2273323679,2276243010,0.0000745,2.48E-05,11.54138646,1.207466134,0.028785835,49.74928537,77.77962079,40.65696657,30.81126876,1.094324056,2.498305361,-8.838784849,358.42,1.721615464
AP103,*c1ccc2c(c1N1C(=O)c3cc4cc5c(cc4cc3C1=O)Cc1cc3cc4c(cc3cc1C5)C(=O)N(*)C4=O)C2,0.204451193,0.003541361,0.003906628,0.032224357,0.066370126,0.050702412,0.046377148,0.000154892,0.001174268,0,1.167250253,21.77333996,1.15E-13,2408.899609,2395.460018,3.62E-10,3.60E-10,2.76E+09,2.78E+09,0.000137433,4.58E-05,29.56258446,1.204752658,0.089075514,67.54471032,106.1317444,54.4959361,42.00645048,1.716606034,-4.807596187,7.339888457,504.51,1.718194398
AP104,[*]Nc1ccccc1NC(=O)c1cccc(C([*])=O)c1,0.192273233,0.011167093,0.00111045,0.052874057,0.041164569,0.052511954,0.028691025,0.00308058,0.001673504,0,1.217388153,18.33845676,7.56E-13,2785.68989,2774.417393,3.40E-10,3.39E-10,2939464920,2951401520,0.000122249,4.07E-05,19.95714271,1.697654235,0.051392213,28.52544531,39.21825966,28.10876222,18.24931406,1.196322082,-1.553549529,5.312487906,238.26,1.656594501
